{
"type": "FeatureCollection",
"name": "UCs_Federais",
"crs": { "type": "name", "properties": { "name": "urn:ogc:def:crs:OGC:1.3:CRS84" } },
"features": [
{ "type": "Feature", "properties": { "id": "7", "Name": "APA Federal — Parati", "description": null, "timestamp": null, "begin": null, "end": null, "altitudeMode": null, "tessellate": -1, "extrude": 0, "visibility": -1, "drawOrder": null, "icon": null, "globalid": "{BED52987-E1FA-4240-BED8-A8F9E0DF7424}", "nome_uc": "APA Federal — Parati", "jurisdicao": "Federal", "tipo": "Uso Sustentável", "categoria": "APA", "area_ha": "32610.7779105", "mun_abrang": "Parati, Ubatuba.", "bioma_ibge": "Mata Atlântica", "ato_criaca": "DEC  89.242 de 27/12/1983" }, "geometry": { "type": "MultiPolygon", "coordinates": [ [ [ [ -44.643257521999942, -23.185199146999935, 0.0 ], [ -44.643906068999968, -23.18994274399995, 0.0 ], [ -44.645069561999946, -23.19133318799993, 0.0 ], [ -44.644123521999973, -23.192992605999962, 0.0 ], [ -44.644798741999978, -23.194672973999957, 0.0 ], [ -44.643394905999969, -23.196494513999937, 0.0 ], [ -44.636978546999956, -23.19527, 0.0 ], [ -44.635086412999954, -23.19642205699995, 0.0 ], [ -44.630634649999934, -23.195666762999963, 0.0 ], [ -44.626404105999939, -23.196265663999952, 0.0 ], [ -44.62675507299997, -23.202250951999929, 0.0 ], [ -44.624157243999946, -23.202512266999975, 0.0 ], [ -44.62115887799996, -23.204568412999947, 0.0 ], [ -44.618870036999965, -23.203624285999979, 0.0 ], [ -44.615677110999968, -23.203860781999936, 0.0 ], [ -44.61582971699994, -23.206370893999974, 0.0 ], [ -44.620239545999937, -23.206630279999956, 0.0 ], [ -44.622803036999983, -23.207707911999933, 0.0 ], [ -44.624584519999985, -23.211194561999946, 0.0 ], [ -44.626449933999936, -23.212895927999966, 0.0 ], [ -44.626774204999947, -23.214248237999982, 0.0 ], [ -44.625892982999972, -23.215333538999971, 0.0 ], [ -44.624779085999933, -23.214355065999939, 0.0 ], [ -44.62335238299994, -23.215205743999945, 0.0 ], [ -44.624843956999939, -23.222657775999949, 0.0 ], [ -44.628242898999986, -23.224336250999954, 0.0 ], [ -44.63331266199998, -23.222573840999928, 0.0 ], [ -44.633785657999965, -23.221490449999976, 0.0 ], [ -44.632694665999963, -23.219022342999949, 0.0 ], [ -44.634754622999935, -23.217156935999981, 0.0 ], [ -44.637588964999964, -23.217019603999972, 0.0 ], [ -44.639805329999945, -23.219386634999978, 0.0 ], [ -44.641106142999945, -23.219384722999962, 0.0 ], [ -44.640240202999962, -23.216022051999971, 0.0 ], [ -44.638489222999965, -23.213191521999931, 0.0 ], [ -44.636803115999953, -23.21217493599994, 0.0 ], [ -44.636494118999963, -23.210742485999958, 0.0 ], [ -44.639599320999935, -23.21287300399996, 0.0 ], [ -44.641071808999982, -23.215026437999938, 0.0 ], [ -44.646099627999945, -23.217412483999965, 0.0 ], [ -44.64849148299993, -23.220973545999982, 0.0 ], [ -44.650723094999933, -23.222178978999978, 0.0 ], [ -44.653099660999942, -23.220956349999938, 0.0 ], [ -44.652935617999958, -23.217364780999958, 0.0 ], [ -44.655930198999954, -23.218442434999929, 0.0 ], [ -44.657627724999941, -23.215144623999947, 0.0 ], [ -44.659958542999959, -23.215249508999932, 0.0 ], [ -44.662842473999945, -23.214135609999971, 0.0 ], [ -44.661915503999978, -23.216369120999957, 0.0 ], [ -44.662235932999977, -23.217534512999976, 0.0 ], [ -44.659607584999947, -23.219506743999943, 0.0 ], [ -44.658970538999938, -23.222152249999965, 0.0 ], [ -44.662930241999959, -23.225348972999939, 0.0 ], [ -44.663788563999958, -23.227925789999972, 0.0 ], [ -44.658585285999948, -23.226754706999941, 0.0 ], [ -44.658253375999948, -23.22455360899994, 0.0 ], [ -44.657044109999958, -23.223773509999944, 0.0 ], [ -44.654713319999985, -23.224898838999934, 0.0 ], [ -44.654656097999975, -23.227372698999943, 0.0 ], [ -44.65716619899996, -23.228154704999952, 0.0 ], [ -44.658817992999957, -23.230973779999943, 0.0 ], [ -44.663708462999978, -23.232867760999966, 0.0 ], [ -44.666470354999944, -23.235253858999954, 0.0 ], [ -44.670468183999958, -23.235103159999937, 0.0 ], [ -44.67063221199993, -23.23413613799994, 0.0 ], [ -44.669476331999931, -23.232747580999956, 0.0 ], [ -44.67351993099993, -23.230908872999976, 0.0 ], [ -44.674378280999974, -23.234632035999937, 0.0 ], [ -44.678143427999942, -23.237865011999929, 0.0 ], [ -44.678330349999953, -23.239102884999966, 0.0 ], [ -44.677205003999973, -23.240418944999931, 0.0 ], [ -44.674549962999947, -23.239068551999935, 0.0 ], [ -44.672203872999944, -23.239514873999951, 0.0 ], [ -44.672005525999964, -23.240603991999933, 0.0 ], [ -44.677693309999938, -23.243167452999955, 0.0 ], [ -44.680481874999941, -23.242351090999932, 0.0 ], [ -44.681664421999983, -23.239612123999962, 0.0 ], [ -44.684681895999972, -23.242349192999939, 0.0 ], [ -44.681363079999983, -23.243432568999935, 0.0 ], [ -44.678647000999945, -23.245521123999936, 0.0 ], [ -44.678730918999975, -23.24723013199997, 0.0 ], [ -44.681073168999944, -23.247481885999946, 0.0 ], [ -44.684376725999982, -23.250728203999927, 0.0 ], [ -44.689091755999982, -23.252666071999954, 0.0 ], [ -44.692868326999985, -23.253152424999939, 0.0 ], [ -44.689831819999938, -23.254184318999933, 0.0 ], [ -44.686207820999982, -23.252713763999964, 0.0 ], [ -44.680310241999962, -23.253261190999979, 0.0 ], [ -44.678681338999979, -23.25163230499993, 0.0 ], [ -44.67518705699996, -23.251660929999957, 0.0 ], [ -44.67363063199997, -23.248799896999969, 0.0 ], [ -44.673897660999955, -23.247033681999937, 0.0 ], [ -44.671212100999981, -23.247449502999928, 0.0 ], [ -44.66927420199994, -23.244472102999964, 0.0 ], [ -44.667157034999946, -23.245624159999977, 0.0 ], [ -44.66952979499996, -23.24849282699995, 0.0 ], [ -44.669419203999951, -23.249721155999964, 0.0 ], [ -44.666958669999985, -23.248103748999938, 0.0 ], [ -44.66363982699994, -23.24816857899998, 0.0 ], [ -44.661251814999957, -23.245025264999981, 0.0 ], [ -44.660855105999985, -23.242526630999976, 0.0 ], [ -44.658993484999939, -23.239871585999936, 0.0 ], [ -44.657894837999947, -23.239181125999949, 0.0 ], [ -44.657334086999981, -23.240026096999941, 0.0 ], [ -44.654736253999943, -23.239255524999976, 0.0 ], [ -44.653004340999985, -23.236140822999971, 0.0 ], [ -44.651619589999939, -23.235301583999956, 0.0 ], [ -44.647282265999934, -23.235021220999954, 0.0 ], [ -44.647080075999952, -23.235698317999947, 0.0 ], [ -44.645138367999948, -23.23586617199993, 0.0 ], [ -44.643627746999982, -23.234786628999927, 0.0 ], [ -44.637810257999945, -23.233970290999935, 0.0 ], [ -44.63594872799996, -23.238296193999929, 0.0 ], [ -44.633568322999963, -23.240188283999942, 0.0 ], [ -44.631207004999965, -23.24060792299997, 0.0 ], [ -44.627125225999976, -23.236640620999935, 0.0 ], [ -44.623615671999971, -23.23724717999994, 0.0 ], [ -44.616783486999964, -23.233211223999945, 0.0 ], [ -44.613334957999939, -23.23378916799993, 0.0 ], [ -44.613182387999984, -23.235501971999952, 0.0 ], [ -44.61817586899997, -23.239333833999979, 0.0 ], [ -44.618828205999932, -23.242263553999976, 0.0 ], [ -44.624870732999966, -23.244382584999983, 0.0 ], [ -44.625088180999967, -23.246247986999947, 0.0 ], [ -44.626537800999984, -23.247312278999971, 0.0 ], [ -44.625893097999949, -23.250512832999959, 0.0 ], [ -44.631222308999952, -23.257079860999966, 0.0 ], [ -44.634270282999978, -23.25966621799995, 0.0 ], [ -44.633759132999955, -23.262969775999977, 0.0 ], [ -44.636051769999938, -23.264194277999934, 0.0 ], [ -44.636334094999938, -23.268892100999949, 0.0 ], [ -44.640793527999961, -23.272710621999977, 0.0 ], [ -44.640400604999968, -23.274232690999952, 0.0 ], [ -44.641495440999961, -23.277635430999965, 0.0 ], [ -44.644551049999961, -23.279426386999944, 0.0 ], [ -44.647728737999955, -23.282716593999965, 0.0 ], [ -44.649216474999946, -23.284797500999957, 0.0 ], [ -44.649926020999942, -23.288183080999943, 0.0 ], [ -44.652520055999958, -23.288305147999949, 0.0 ], [ -44.654679186999942, -23.289565902999982, 0.0 ], [ -44.65738767199997, -23.293464545999939, 0.0 ], [ -44.656113547999951, -23.295328018999953, 0.0 ], [ -44.654332071999931, -23.294139743999949, 0.0 ], [ -44.649620872999947, -23.296247396999945, 0.0 ], [ -44.650364756999977, -23.298448492999967, 0.0 ], [ -44.647110802999975, -23.297964024999942, 0.0 ], [ -44.647217609999984, -23.299886633999961, 0.0 ], [ -44.64500125099994, -23.29954332899996, 0.0 ], [ -44.645027938999931, -23.300989097999945, 0.0 ], [ -44.641869351999958, -23.300476037999942, 0.0 ], [ -44.639710227999956, -23.301212281999938, 0.0 ], [ -44.639397410999948, -23.299512796999977, 0.0 ], [ -44.640473185999952, -23.297912541999949, 0.0 ], [ -44.645500962999961, -23.294530785999939, 0.0 ], [ -44.646481344999984, -23.292484191999961, 0.0 ], [ -44.646385970999972, -23.29062642699995, 0.0 ], [ -44.644215379999935, -23.288249850999932, 0.0 ], [ -44.642086752999944, -23.287641420999933, 0.0 ], [ -44.642235538999955, -23.289596460999974, 0.0 ], [ -44.638046974999952, -23.29058067699998, 0.0 ], [ -44.634522152999978, -23.285671125999954, 0.0 ], [ -44.630684523999946, -23.282207391999975, 0.0 ], [ -44.629536280999957, -23.280425905999948, 0.0 ], [ -44.629906292999976, -23.278917201999946, 0.0 ], [ -44.628895400999966, -23.278039824999951, 0.0 ], [ -44.628414730999964, -23.274749656999973, 0.0 ], [ -44.627003270999978, -23.273454533999939, 0.0 ], [ -44.626511172999983, -23.271304939999936, 0.0 ], [ -44.623524225999972, -23.269349906999935, 0.0 ], [ -44.623219043999939, -23.266916115999948, 0.0 ], [ -44.621326923999959, -23.265203318999966, 0.0 ], [ -44.621780873999967, -23.26391203299994, 0.0 ], [ -44.620480050999959, -23.260951813999952, 0.0 ], [ -44.620953067999949, -23.258992951999971, 0.0 ], [ -44.617844046999949, -23.257028395999953, 0.0 ], [ -44.617241306999972, -23.255157267999948, 0.0 ], [ -44.613888137999936, -23.253053479999949, 0.0 ], [ -44.611061456999948, -23.253309067999965, 0.0 ], [ -44.606113732999972, -23.251367380999966, 0.0 ], [ -44.604160584999931, -23.248811521999983, 0.0 ], [ -44.597053726999945, -23.244769861999941, 0.0 ], [ -44.596836267999947, -23.239230886999962, 0.0 ], [ -44.599411205999957, -23.238153241999953, 0.0 ], [ -44.599189941999953, -23.236835251999935, 0.0 ], [ -44.59689730499997, -23.235708003999946, 0.0 ], [ -44.597038444999953, -23.235040427999934, 0.0 ], [ -44.595447683999964, -23.234277488999965, 0.0 ], [ -44.593864585999938, -23.234712376999937, 0.0 ], [ -44.592834599999946, -23.233367682999983, 0.0 ], [ -44.587913585999956, -23.232789761999982, 0.0 ], [ -44.586708144999932, -23.233716761999972, 0.0 ], [ -44.582885774999966, -23.23280886799995, 0.0 ], [ -44.58190159399993, -23.233655726999928, 0.0 ], [ -44.577404010999942, -23.233176989999947, 0.0 ], [ -44.57427974899997, -23.234153588999959, 0.0 ], [ -44.569023071999936, -23.229944050999961, 0.0 ], [ -44.568221920999974, -23.230628787999933, 0.0 ], [ -44.565372350999951, -23.230443787999945, 0.0 ], [ -44.562381558999959, -23.227523619999943, 0.0 ], [ -44.55958155999997, -23.227338619999955, 0.0 ], [ -44.558883482999931, -23.228023357999973, 0.0 ], [ -44.559234440999944, -23.23083861799995, 0.0 ], [ -44.56670752499997, -23.236076217999937, 0.0 ], [ -44.576663991999965, -23.245546201999957, 0.0 ], [ -44.577613866999968, -23.248714341999971, 0.0 ], [ -44.574306500999967, -23.248479725999971, 0.0 ], [ -44.575161004999984, -23.250646502999928, 0.0 ], [ -44.57465366699995, -23.252311623999958, 0.0 ], [ -44.575721793999946, -23.254585175999978, 0.0 ], [ -44.58071148099998, -23.258659275999946, 0.0 ], [ -44.581249383999932, -23.262702886999932, 0.0 ], [ -44.584240125999941, -23.264598780999961, 0.0 ], [ -44.583732768999937, -23.267208057999937, 0.0 ], [ -44.582130584999959, -23.269508323999958, 0.0 ], [ -44.579185630999973, -23.271514875999969, 0.0 ], [ -44.577198145999944, -23.270812986999942, 0.0 ], [ -44.575134356999968, -23.268789288999983, 0.0 ], [ -44.571682041999964, -23.272207267999931, 0.0 ], [ -44.569942522999952, -23.271335620999935, 0.0 ], [ -44.567817717999958, -23.272182483999927, 0.0 ], [ -44.566848781999965, -23.271318446999942, 0.0 ], [ -44.564613360999942, -23.272811928999943, 0.0 ], [ -44.562637354999936, -23.272373232999939, 0.0 ], [ -44.559013342999947, -23.273735098999964, 0.0 ], [ -44.550849802999949, -23.271394789999931, 0.0 ], [ -44.551235099999985, -23.273071362999929, 0.0 ], [ -44.550067792999982, -23.272911156999953, 0.0 ], [ -44.549632912999982, -23.274292081999931, 0.0 ], [ -44.547645430999978, -23.274643033999951, 0.0 ], [ -44.543796377999968, -23.273538677999966, 0.0 ], [ -44.539500965999935, -23.267143335999947, 0.0 ], [ -44.537772882999946, -23.267143340999951, 0.0 ], [ -44.535136918999967, -23.268608186999927, 0.0 ], [ -44.535163629999943, -23.270355332999941, 0.0 ], [ -44.529384309999955, -23.271900302999939, 0.0 ], [ -44.526092201999973, -23.273883969999929, 0.0 ], [ -44.525298757999963, -23.274847172999955, 0.0 ], [ -44.525569596999958, -23.277399217999971, 0.0 ], [ -44.522353783999961, -23.27770633199998, 0.0 ], [ -44.521258960999944, -23.278705788999957, 0.0 ], [ -44.521220826999979, -23.280128669999954, 0.0 ], [ -44.518622996999966, -23.280035218999956, 0.0 ], [ -44.51816522799993, -23.281090017999929, 0.0 ], [ -44.520015373999968, -23.284387795999976, 0.0 ], [ -44.514682395999955, -23.286796803999948, 0.0 ], [ -44.512618654999983, -23.292080203999944, 0.0 ], [ -44.508342335999941, -23.293037712999933, 0.0 ], [ -44.505340140999976, -23.291771232999963, 0.0 ], [ -44.502456212999959, -23.29396279499997, 0.0 ], [ -44.502154843999961, -23.296753258999956, 0.0 ], [ -44.503795198999967, -23.297489491999954, 0.0 ], [ -44.50579412299993, -23.300480210999979, 0.0 ], [ -44.509692771999937, -23.302025177999951, 0.0 ], [ -44.509891140999969, -23.30099138099996, 0.0 ], [ -44.508800131999976, -23.300278034999963, 0.0 ], [ -44.509685138999942, -23.296301195999945, 0.0 ], [ -44.510291665999944, -23.295625981999933, 0.0 ], [ -44.510787579999942, -23.296671208999953, 0.0 ], [ -44.513000141999953, -23.296619700999941, 0.0 ], [ -44.513175593999961, -23.293228435999936, 0.0 ], [ -44.517127648999974, -23.293236037999975, 0.0 ], [ -44.518581056999949, -23.292314788999931, 0.0 ], [ -44.523936950999939, -23.291486986999928, 0.0 ], [ -44.525043198999981, -23.288625947999947, 0.0 ], [ -44.528323879999959, -23.288202486999978, 0.0 ], [ -44.529243221999934, -23.288755623999975, 0.0 ], [ -44.529491194999935, -23.291078795999965, 0.0 ], [ -44.535278140999935, -23.293047161999937, 0.0 ], [ -44.539611687999979, -23.298912273999974, 0.0 ], [ -44.54040516699996, -23.301452886999982, 0.0 ], [ -44.539226429999985, -23.301956434999965, 0.0 ], [ -44.540653148999979, -23.305992382999932, 0.0 ], [ -44.541946324999969, -23.305879850999929, 0.0 ], [ -44.541995908999979, -23.303119909999964, 0.0 ], [ -44.543228081999985, -23.302812824999933, 0.0 ], [ -44.545772506999981, -23.305078736999974, 0.0 ], [ -44.548294062999958, -23.305519339999933, 0.0 ], [ -44.549350734999962, -23.308000834999973, 0.0 ], [ -44.550979634999976, -23.30862069899996, 0.0 ], [ -44.551700590999985, -23.305532672999959, 0.0 ], [ -44.555862472999934, -23.305052025999942, 0.0 ], [ -44.555339860999936, -23.306247921999955, 0.0 ], [ -44.556892461999951, -23.307132933999981, 0.0 ], [ -44.556507174999979, -23.308500541999933, 0.0 ], [ -44.558059775999936, -23.309398872999964, 0.0 ], [ -44.558906641999954, -23.311628582999958, 0.0 ], [ -44.561973679999937, -23.312458271999958, 0.0 ], [ -44.561798223999972, -23.314720394999938, 0.0 ], [ -44.560943703999953, -23.314514433999932, 0.0 ], [ -44.559673420999957, -23.31587054299996, 0.0 ], [ -44.56361405499996, -23.319467805999977, 0.0 ], [ -44.563911599999983, -23.322078966999982, 0.0 ], [ -44.565700714999934, -23.323652531999983, 0.0 ], [ -44.561634236999964, -23.327980349999962, 0.0 ], [ -44.561374844999932, -23.33034738799995, 0.0 ], [ -44.563251697999931, -23.334059092999951, 0.0 ], [ -44.570892621999974, -23.343384146999938, 0.0 ], [ -44.572273563999943, -23.346916574999966, 0.0 ], [ -44.57878532899997, -23.352354433999949, 0.0 ], [ -44.579826797999942, -23.35499804899996, 0.0 ], [ -44.582561937999969, -23.357746503999977, 0.0 ], [ -44.584663860999967, -23.35846175699993, 0.0 ], [ -44.585224620999952, -23.360058212999945, 0.0 ], [ -44.587696585999936, -23.361427700999968, 0.0 ], [ -44.589100403999964, -23.361278915999947, 0.0 ], [ -44.591339653999967, -23.362982190999958, 0.0 ], [ -44.596050823999974, -23.359100708999961, 0.0 ], [ -44.599468831999957, -23.359714863999955, 0.0 ], [ -44.603295006999986, -23.363540976999957, 0.0 ], [ -44.604267794999942, -23.367302323999979, 0.0 ], [ -44.605931012999974, -23.368128197999965, 0.0 ], [ -44.608429644999944, -23.36429058799996, 0.0 ], [ -44.607697207999934, -23.359613767999974, 0.0 ], [ -44.608715725999957, -23.357168519999959, 0.0 ], [ -44.606651945999943, -23.350446998999928, 0.0 ], [ -44.607372906999956, -23.348882949999961, 0.0 ], [ -44.610901536999961, -23.350128449999943, 0.0 ], [ -44.613537521999945, -23.348522438999964, 0.0 ], [ -44.615948444999958, -23.351337693999938, 0.0 ], [ -44.618023661999985, -23.352245592999964, 0.0 ], [ -44.616345156999955, -23.348064683999951, 0.0 ], [ -44.619202376999965, -23.345091088999936, 0.0 ], [ -44.618794188999971, -23.342596273999959, 0.0 ], [ -44.621525548999955, -23.342310162999979, 0.0 ], [ -44.623677033999968, -23.340942573999939, 0.0 ], [ -44.626061246999939, -23.342622958999982, 0.0 ], [ -44.628586643999938, -23.350393525999948, 0.0 ], [ -44.631249326999978, -23.352977973999941, 0.0 ], [ -44.634083669999939, -23.353161087999979, 0.0 ], [ -44.635846065999942, -23.351200314999971, 0.0 ], [ -44.633397015999947, -23.350933286999975, 0.0 ], [ -44.632950665999942, -23.348049363999962, 0.0 ], [ -44.629059645999973, -23.343795980999971, 0.0 ], [ -44.629292321999969, -23.338705230999949, 0.0 ], [ -44.632931554999971, -23.335250998999982, 0.0 ], [ -44.641247654999972, -23.332853436999983, 0.0 ], [ -44.644352857999934, -23.335014456999943, 0.0 ], [ -44.64615723999998, -23.334625341999981, 0.0 ], [ -44.647423711999977, -23.335369212999979, 0.0 ], [ -44.65191368099994, -23.342529428999967, 0.0 ], [ -44.656277734999946, -23.343443025999932, 0.0 ], [ -44.661545864999937, -23.339731276999942, 0.0 ], [ -44.662636875999965, -23.340709771999968, 0.0 ], [ -44.662900100999934, -23.343294250999975, 0.0 ], [ -44.661759507999932, -23.345531580999932, 0.0 ], [ -44.65829193299993, -23.346187709999981, 0.0 ], [ -44.659325717999934, -23.348371645999975, 0.0 ], [ -44.661698490999981, -23.348028305999946, 0.0 ], [ -44.663560075999953, -23.346696967999947, 0.0 ], [ -44.666245639999943, -23.347360717999948, 0.0 ], [ -44.672173741999984, -23.345996935999949, 0.0 ], [ -44.674062008999954, -23.344320378999953, 0.0 ], [ -44.673352464999937, -23.341365863999954, 0.0 ], [ -44.675004248999983, -23.341116006999982, 0.0 ], [ -44.673985692999963, -23.339206742999977, 0.0 ], [ -44.676144832999967, -23.335990933999938, 0.0 ], [ -44.675923575999946, -23.337368042999969, 0.0 ], [ -44.677376992999939, -23.339138070999979, 0.0 ], [ -44.681653316999984, -23.339851408999948, 0.0 ], [ -44.682301834999976, -23.342620893999936, 0.0 ], [ -44.683671312999934, -23.343711893999966, 0.0 ], [ -44.683583591999934, -23.346941060999939, 0.0 ], [ -44.681359597999972, -23.34687428999996, 0.0 ], [ -44.682183577999979, -23.349548406999929, 0.0 ], [ -44.683438644999967, -23.351272661999928, 0.0 ], [ -44.68691004599998, -23.353113257999951, 0.0 ], [ -44.685426101999951, -23.350467756999933, 0.0 ], [ -44.68541466299996, -23.34839827899998, 0.0 ], [ -44.690694236999946, -23.348482177999983, 0.0 ], [ -44.691289346999952, -23.345447561999947, 0.0 ], [ -44.695390176999979, -23.344011328999954, 0.0 ], [ -44.69849917099998, -23.34439088299996, 0.0 ], [ -44.700868113999945, -23.340864172999943, 0.0 ], [ -44.704015267999978, -23.341358163999928, 0.0 ], [ -44.703828333999979, -23.343345615999965, 0.0 ], [ -44.704564599999969, -23.344358432999968, 0.0 ], [ -44.70693734699995, -23.343196850999959, 0.0 ], [ -44.708341168999937, -23.344287849999944, 0.0 ], [ -44.709134637999966, -23.343830077999939, 0.0 ], [ -44.711350998999933, -23.345025987999975, 0.0 ], [ -44.71485673799998, -23.345312082999953, 0.0 ], [ -44.721284564999962, -23.350124323999978, 0.0 ], [ -44.722245896999937, -23.353929513999958, 0.0 ], [ -44.718717295999966, -23.35449218499997, 0.0 ], [ -44.721257907999984, -23.357961650999982, 0.0 ], [ -44.725118405999979, -23.355827316999978, 0.0 ], [ -44.725553261999949, -23.354377728999964, 0.0 ], [ -44.726720569999941, -23.354501708999976, 0.0 ], [ -44.729970735999984, -23.357261641999969, 0.0 ], [ -44.73182852399998, -23.362234106999949, 0.0 ], [ -44.730233968999983, -23.362028124999938, 0.0 ], [ -44.730447597999955, -23.363418571999944, 0.0 ], [ -44.726350595999975, -23.36799244599996, 0.0 ], [ -44.724061757999948, -23.367837945999952, 0.0 ], [ -44.725705907999952, -23.368736298999977, 0.0 ], [ -44.727620909999985, -23.368658109999956, 0.0 ], [ -44.736062899999979, -23.36563681399997, 0.0 ], [ -44.738683603999959, -23.361328092999941, 0.0 ], [ -44.742708128999936, -23.35829537799998, 0.0 ], [ -44.747568090999948, -23.357833798999934, 0.0 ], [ -44.750291815999958, -23.358709261999934, 0.0 ], [ -44.751298901999974, -23.356128597999941, 0.0 ], [ -44.750986080999951, -23.352992937999943, 0.0 ], [ -44.756509798999957, -23.351632951999932, 0.0 ], [ -44.757917412999973, -23.345044926999947, 0.0 ], [ -44.759630215999948, -23.342695067999955, 0.0 ], [ -44.764883080999937, -23.342016000999934, 0.0 ], [ -44.769678215999932, -23.339811116999954, 0.0 ], [ -44.778478796999934, -23.338424438999937, 0.0 ], [ -44.776239532999966, -23.332702348999931, 0.0 ], [ -44.778951794999955, -23.330980014999966, 0.0 ], [ -44.778677114999937, -23.32855959099993, 0.0 ], [ -44.781782301999954, -23.326106699999968, 0.0 ], [ -44.779436218999933, -23.321595823999928, 0.0 ], [ -44.779569739999943, -23.318828244999963, 0.0 ], [ -44.781114687999946, -23.314660668999977, 0.0 ], [ -44.785848742999974, -23.310390078999944, 0.0 ], [ -44.786443854999959, -23.307929580999939, 0.0 ], [ -44.788061290999963, -23.305741842999964, 0.0 ], [ -44.786485783999979, -23.299146189999931, 0.0 ], [ -44.793687988999977, -23.296960345999935, 0.0 ], [ -44.804483649999952, -23.290555415999961, 0.0 ], [ -44.806803001999981, -23.287558935999982, 0.0 ], [ -44.806864010999959, -23.282542598999953, 0.0 ], [ -44.813185030999932, -23.285422686999937, 0.0 ], [ -44.817129462999958, -23.289500606999979, 0.0 ], [ -44.82131805399996, -23.290154805999975, 0.0 ], [ -44.825029761999986, -23.291894304999971, 0.0 ], [ -44.827223274999938, -23.291228632999946, 0.0 ], [ -44.827551301999961, -23.287732453999979, 0.0 ], [ -44.824354536999977, -23.281722376999937, 0.0 ], [ -44.824282051999944, -23.280240355999979, 0.0 ], [ -44.827528384999937, -23.278685846999963, 0.0 ], [ -44.82930222799996, -23.273783941999966, 0.0 ], [ -44.830770884999936, -23.272225617999936, 0.0 ], [ -44.830641187999959, -23.269448517999933, 0.0 ], [ -44.835684243999935, -23.267562146999978, 0.0 ], [ -44.840353454999956, -23.262932949999936, 0.0 ], [ -44.840422136999962, -23.261862924999946, 0.0 ], [ -44.837610649999931, -23.25911251499997, 0.0 ], [ -44.836630277999973, -23.256663476999961, 0.0 ], [ -44.823438925999938, -23.254174426999953, 0.0 ], [ -44.815420358999972, -23.255105215999947, 0.0 ], [ -44.814111913999966, -23.256499509999969, 0.0 ], [ -44.812833988999955, -23.256537649999927, 0.0 ], [ -44.807275917999959, -23.254531145999977, 0.0 ], [ -44.803598501999943, -23.251382105999937, 0.0 ], [ -44.800920553999958, -23.251443138999946, 0.0 ], [ -44.794157032999976, -23.247824905999948, 0.0 ], [ -44.791688914999952, -23.248111016999928, 0.0 ], [ -44.787794057999974, -23.245473136999976, 0.0 ], [ -44.782461073999968, -23.245654363999961, 0.0 ], [ -44.779512263999948, -23.243541028999971, 0.0 ], [ -44.776300268999933, -23.243748932999949, 0.0 ], [ -44.773488806999978, -23.241612685999939, 0.0 ], [ -44.76966643999998, -23.241454393999959, 0.0 ], [ -44.766771068999958, -23.24032905699994, 0.0 ], [ -44.764798839999969, -23.241278922999982, 0.0 ], [ -44.762628278999955, -23.240577033999955, 0.0 ], [ -44.758981400999971, -23.241822553999953, 0.0 ], [ -44.74651481199993, -23.23231248299993, 0.0 ], [ -44.73612729599995, -23.228181191999965, 0.0 ], [ -44.730504352999958, -23.22478037299993, 0.0 ], [ -44.717797516999951, -23.22689377699993, 0.0 ], [ -44.714410030999943, -23.225447992999932, 0.0 ], [ -44.712559874999954, -23.225959179999961, 0.0 ], [ -44.709580568999968, -23.225469008999937, 0.0 ], [ -44.709588211999971, -23.22722185899994, 0.0 ], [ -44.711102675999939, -23.22850359399996, 0.0 ], [ -44.712796405999939, -23.23242130899996, 0.0 ], [ -44.712830776999965, -23.233556176999969, 0.0 ], [ -44.711911415999964, -23.23420850499997, 0.0 ], [ -44.707841081999959, -23.234523234999983, 0.0 ], [ -44.706505924999931, -23.233706883999957, 0.0 ], [ -44.703312997999944, -23.233817510999927, 0.0 ], [ -44.700104815999964, -23.232804724999937, 0.0 ], [ -44.695721695999964, -23.233041224999965, 0.0 ], [ -44.694436130999975, -23.232062774999974, 0.0 ], [ -44.694623040999943, -23.229939885999954, 0.0 ], [ -44.690258962999962, -23.221928994999928, 0.0 ], [ -44.688485079999964, -23.221644804999983, 0.0 ], [ -44.684040963999962, -23.223807755999928, 0.0 ], [ -44.681630018999954, -23.22096199899994, 0.0 ], [ -44.674046344999965, -23.21717971399994, 0.0 ], [ -44.673104085999967, -23.21469824299993, 0.0 ], [ -44.677471952999952, -23.213429832999964, 0.0 ], [ -44.677628364999975, -23.212052725999968, 0.0 ], [ -44.674965666999981, -23.21195163799996, 0.0 ], [ -44.672714983999981, -23.209882165999943, 0.0 ], [ -44.671574362999934, -23.210959830999968, 0.0 ], [ -44.669457181999974, -23.207654393999974, 0.0 ], [ -44.669262621999962, -23.205878632999941, 0.0 ], [ -44.666535101999955, -23.205489554999929, 0.0 ], [ -44.666748737999967, -23.209088737999934, 0.0 ], [ -44.666157460999955, -23.209472096999946, 0.0 ], [ -44.663780856999949, -23.206178115999933, 0.0 ], [ -44.662594481999975, -23.206143777999955, 0.0 ], [ -44.660771058999956, -23.208146506999981, 0.0 ], [ -44.658928534999973, -23.207175673999927, 0.0 ], [ -44.657696379999948, -23.205771865999964, 0.0 ], [ -44.657024970999942, -23.20203154099994, 0.0 ], [ -44.658012964999955, -23.199477583999965, 0.0 ], [ -44.656078885999932, -23.197001841999963, 0.0 ], [ -44.654228731999979, -23.190837253999973, 0.0 ], [ -44.652565505999974, -23.188317646999963, 0.0 ], [ -44.647133331999953, -23.187552809999943, 0.0 ], [ -44.643257521999942, -23.185199146999935, 0.0 ] ] ], [ [ [ -44.719350548999955, -23.359966290999978, 0.0 ], [ -44.720594153999969, -23.35964968299993, 0.0 ], [ -44.720830662999958, -23.358808530999966, 0.0 ], [ -44.718625732999953, -23.357423792999953, 0.0 ], [ -44.718270968999946, -23.358356493999963, 0.0 ], [ -44.719350548999955, -23.359966290999978, 0.0 ] ] ], [ [ [ -44.672139433999973, -23.356998585999975, 0.0 ], [ -44.673295283999948, -23.356634269999972, 0.0 ], [ -44.673276212999951, -23.355913283999939, 0.0 ], [ -44.671731248999947, -23.355051157999981, 0.0 ], [ -44.671010261999982, -23.355722554999943, 0.0 ], [ -44.672139433999973, -23.356998585999975, 0.0 ] ] ], [ [ [ -44.665894704999971, -23.351493971999957, 0.0 ], [ -44.666234195999948, -23.350753891999943, 0.0 ], [ -44.664998224999977, -23.350055818999977, 0.0 ], [ -44.665093594999973, -23.350534590999928, 0.0 ], [ -44.665894704999971, -23.351493971999957, 0.0 ] ] ], [ [ [ -44.566669729999944, -23.348701872999982, 0.0 ], [ -44.568233794999969, -23.352297232999945, 0.0 ], [ -44.570610367999961, -23.353474074999951, 0.0 ], [ -44.571026182999958, -23.352955253999937, 0.0 ], [ -44.569897007999941, -23.351389323999967, 0.0 ], [ -44.569698625999933, -23.348534015999974, 0.0 ], [ -44.566669729999944, -23.348701872999982, 0.0 ] ] ], [ [ [ -44.636227307999945, -23.280048233999935, 0.0 ], [ -44.636429501999942, -23.280731082999978, 0.0 ], [ -44.636612598999932, -23.280013913999937, 0.0 ], [ -44.636227307999945, -23.280048233999935, 0.0 ] ] ], [ [ [ -44.630310639999948, -23.274827812999945, 0.0 ], [ -44.631634360999954, -23.274053434999928, 0.0 ], [ -44.630383115999962, -23.273101667999981, 0.0 ], [ -44.629540077999934, -23.273753972999941, 0.0 ], [ -44.630310639999948, -23.274827812999945, 0.0 ] ] ], [ [ [ -44.570964858999957, -23.268411623999953, 0.0 ], [ -44.571769780999944, -23.267244319999975, 0.0 ], [ -44.56768418799993, -23.264799107999977, 0.0 ], [ -44.567588820999958, -23.265159601999983, 0.0 ], [ -44.570964858999957, -23.268411623999953, 0.0 ] ] ], [ [ [ -44.667927574999965, -23.23940235799995, 0.0 ], [ -44.668587542999944, -23.240794736999931, 0.0 ], [ -44.670719965999979, -23.24113422299996, 0.0 ], [ -44.67155538999998, -23.240380823999942, 0.0 ], [ -44.671234937999941, -23.239305094999963, 0.0 ], [ -44.667927574999965, -23.23940235799995, 0.0 ] ] ], [ [ [ -44.649273531999938, -23.231435372999954, 0.0 ], [ -44.649578706999932, -23.231883619999962, 0.0 ], [ -44.64981903499995, -23.231441098999937, 0.0 ], [ -44.649273531999938, -23.231435372999954, 0.0 ] ] ], [ [ [ -44.650219578999952, -23.231793953999954, 0.0 ], [ -44.650997797999935, -23.23148877999995, 0.0 ], [ -44.650154732999965, -23.231324751999978, 0.0 ], [ -44.650219578999952, -23.231793953999954, 0.0 ] ] ], [ [ [ -44.635006408999971, -23.224452578999944, 0.0 ], [ -44.633900156999971, -23.226327528999946, 0.0 ], [ -44.634983529999943, -23.227031329999932, 0.0 ], [ -44.636753569999939, -23.226831043999937, 0.0 ], [ -44.639271290999943, -23.229379263999931, 0.0 ], [ -44.642353598999932, -23.229238111999962, 0.0 ], [ -44.644283854999969, -23.230241379999939, 0.0 ], [ -44.649849557999971, -23.230857458999935, 0.0 ], [ -44.64967024699996, -23.228889053999978, 0.0 ], [ -44.648045167999953, -23.228637297999967, 0.0 ], [ -44.647484408999958, -23.227334558999928, 0.0 ], [ -44.640633148999939, -23.22822152699996, 0.0 ], [ -44.639526888999967, -23.227714142999957, 0.0 ], [ -44.637608057999955, -23.224507891999963, 0.0 ], [ -44.635006408999971, -23.224452578999944, 0.0 ] ] ], [ [ [ -44.553859466999938, -23.221021467999947, 0.0 ], [ -44.555763024999976, -23.224206741999978, 0.0 ], [ -44.557262211999955, -23.224603481999964, 0.0 ], [ -44.556396249999977, -23.221137806999934, 0.0 ], [ -44.553859466999938, -23.221021467999947, 0.0 ] ] ], [ [ [ -44.693455688999961, -23.215533608999976, 0.0 ], [ -44.689476925999941, -23.215228447999948, 0.0 ], [ -44.68998427899993, -23.218215375999932, 0.0 ], [ -44.692780481999932, -23.218293552999967, 0.0 ], [ -44.693455688999961, -23.215533608999976, 0.0 ] ] ], [ [ [ -44.582000683999979, -23.21096007899996, 0.0 ], [ -44.58315274499995, -23.21246307399997, 0.0 ], [ -44.584911352999939, -23.212241808999977, 0.0 ], [ -44.584751113999971, -23.211211854999931, 0.0 ], [ -44.582000683999979, -23.21096007899996, 0.0 ] ] ], [ [ [ -44.68889326599998, -23.209531174999938, 0.0 ], [ -44.689900338999962, -23.209971780999979, 0.0 ], [ -44.689446382999961, -23.209252704999983, 0.0 ], [ -44.68889326599998, -23.209531174999938, 0.0 ] ] ], [ [ [ -44.688927581999963, -23.208123541999953, 0.0 ], [ -44.689709596999933, -23.208192201999964, 0.0 ], [ -44.688935193999953, -23.207846984999946, 0.0 ], [ -44.688927581999963, -23.208123541999953, 0.0 ] ] ], [ [ [ -44.681389660999969, -23.205186227999945, 0.0 ], [ -44.682938443999944, -23.206132288999981, 0.0 ], [ -44.683106291999934, -23.205798499999958, 0.0 ], [ -44.681389660999969, -23.205186227999945, 0.0 ] ] ], [ [ [ -44.709069343999943, -23.20566299099994, 0.0 ], [ -44.710400679999964, -23.205174715999931, 0.0 ], [ -44.710705851999933, -23.204686420999963, 0.0 ], [ -44.708882421999931, -23.204266814999983, 0.0 ], [ -44.709069343999943, -23.20566299099994, 0.0 ] ] ], [ [ [ -44.59441762299997, -23.202596283999981, 0.0 ], [ -44.591407798999967, -23.203757867999968, 0.0 ], [ -44.590877552999984, -23.206113450999965, 0.0 ], [ -44.587715153999966, -23.207126277999976, 0.0 ], [ -44.585872623999933, -23.204719197999964, 0.0 ], [ -44.584281886999975, -23.20444834999995, 0.0 ], [ -44.584987610999974, -23.206676151999943, 0.0 ], [ -44.586585986999978, -23.208009388999983, 0.0 ], [ -44.585533124999984, -23.210078869999961, 0.0 ], [ -44.58728027899997, -23.210349717999975, 0.0 ], [ -44.592403476999948, -23.215972590999968, 0.0 ], [ -44.595104315999947, -23.217191388999936, 0.0 ], [ -44.598415496999962, -23.216416980999952, 0.0 ], [ -44.600410597999939, -23.217673916999956, 0.0 ], [ -44.600368651999986, -23.220998452999936, 0.0 ], [ -44.602325617999952, -23.22337882599993, 0.0 ], [ -44.604984472999945, -23.223037416999944, 0.0 ], [ -44.607231358999968, -23.224588069999982, 0.0 ], [ -44.608959442999947, -23.224181820999945, 0.0 ], [ -44.615879347999964, -23.225074454999969, 0.0 ], [ -44.619060842999943, -23.224979054999949, 0.0 ], [ -44.621288650999929, -23.22361910199993, 0.0 ], [ -44.618767086999981, -23.220601680999948, 0.0 ], [ -44.616035771999975, -23.220039001999965, 0.0 ], [ -44.613880408999933, -23.217523214999972, 0.0 ], [ -44.609592650999957, -23.216138482999952, 0.0 ], [ -44.605148503999942, -23.216119425999977, 0.0 ], [ -44.598972421999974, -23.205926488999978, 0.0 ], [ -44.595722258999956, -23.204387292999968, 0.0 ], [ -44.59441762299997, -23.202596283999981, 0.0 ] ] ], [ [ [ -44.672531833999983, -23.201491700999952, 0.0 ], [ -44.673222296999938, -23.201049202999968, 0.0 ], [ -44.672676790999958, -23.199973451999938, 0.0 ], [ -44.671864252999967, -23.200337765999961, 0.0 ], [ -44.672531833999983, -23.201491700999952, 0.0 ] ] ], [ [ [ -44.578735242999983, -23.200803406999967, 0.0 ], [ -44.578491122999935, -23.202373158999933, 0.0 ], [ -44.579337987999963, -23.204019207999977, 0.0 ], [ -44.581924380999965, -23.202644003999978, 0.0 ], [ -44.583427387999961, -23.203055995999932, 0.0 ], [ -44.583164164999971, -23.201600680999945, 0.0 ], [ -44.584251353999946, -23.201364167999941, 0.0 ], [ -44.583106928999939, -23.199653252999951, 0.0 ], [ -44.581016460999933, -23.198785424999983, 0.0 ], [ -44.578735242999983, -23.200803406999967, 0.0 ] ] ], [ [ [ -44.571979356999975, -23.196548121999967, 0.0 ], [ -44.572608775999981, -23.197412136999958, 0.0 ], [ -44.574447477999968, -23.19693910999996, 0.0 ], [ -44.574096526999938, -23.196584345999952, 0.0 ], [ -44.571979356999975, -23.196548121999967, 0.0 ] ] ], [ [ [ -44.607418184999972, -23.195830857999965, 0.0 ], [ -44.605560412999978, -23.195758380999962, 0.0 ], [ -44.605869407999933, -23.196708239999964, 0.0 ], [ -44.607383869999978, -23.197253737999972, 0.0 ], [ -44.607418184999972, -23.195830857999965, 0.0 ] ] ], [ [ [ -44.625629724999953, -23.195527519999928, 0.0 ], [ -44.625984489999951, -23.195018268999945, 0.0 ], [ -44.624885843999948, -23.194240054999966, 0.0 ], [ -44.624779022999974, -23.19490383599998, 0.0 ], [ -44.625629724999953, -23.195527519999928, 0.0 ] ] ], [ [ [ -44.635700597999971, -23.195027764999963, 0.0 ], [ -44.636753465999959, -23.194890437999959, 0.0 ], [ -44.637062454999977, -23.193902438999942, 0.0 ], [ -44.636082061999957, -23.192490991999932, 0.0 ], [ -44.63510549199998, -23.192393717999948, 0.0 ], [ -44.634750729999951, -23.194058837999933, 0.0 ], [ -44.635700597999971, -23.195027764999963, 0.0 ] ] ], [ [ [ -44.62053702999998, -23.190719091999938, 0.0 ], [ -44.624122891999946, -23.192408997999962, 0.0 ], [ -44.622410072999969, -23.189649061999944, 0.0 ], [ -44.62021660299996, -23.189643339999975, 0.0 ], [ -44.62053702999998, -23.190719091999938, 0.0 ] ] ], [ [ [ -44.712460577999934, -23.184933830999967, 0.0 ], [ -44.706643113999974, -23.185054010999977, 0.0 ], [ -44.708516148999934, -23.18857116199996, 0.0 ], [ -44.711037684999951, -23.190257275999954, 0.0 ], [ -44.714181015999941, -23.189355067999941, 0.0 ], [ -44.71470362599996, -23.187756698999976, 0.0 ], [ -44.712460577999934, -23.184933830999967, 0.0 ] ] ], [ [ [ -44.573375517999978, -23.19008789999998, 0.0 ], [ -44.576732474999972, -23.19026907999995, 0.0 ], [ -44.577228401999946, -23.188069888999962, 0.0 ], [ -44.576007673999982, -23.184951367999929, 0.0 ], [ -44.573825630999977, -23.183476988999928, 0.0 ], [ -44.572006027999976, -23.185811598999976, 0.0 ], [ -44.572433285999978, -23.189019762999976, 0.0 ], [ -44.573375517999978, -23.19008789999998, 0.0 ] ] ], [ [ [ -44.685108948999982, -23.182271218999972, 0.0 ], [ -44.685478967999984, -23.182416178999972, 0.0 ], [ -44.685364528999969, -23.182095756999956, 0.0 ], [ -44.685108948999982, -23.182271218999972, 0.0 ] ] ], [ [ [ -44.657307190999973, -23.181477850999954, 0.0 ], [ -44.656231441999978, -23.183860142999947, 0.0 ], [ -44.657269067999948, -23.186133695999956, 0.0 ], [ -44.656113199999936, -23.187932346999958, 0.0 ], [ -44.658943723999982, -23.18839963399995, 0.0 ], [ -44.659947016999979, -23.186234783999964, 0.0 ], [ -44.658646173999955, -23.184022256999981, 0.0 ], [ -44.660057623999933, -23.18290645299993, 0.0 ], [ -44.658916995999959, -23.181538871999976, 0.0 ], [ -44.657307190999973, -23.181477850999954, 0.0 ] ] ], [ [ [ -44.685414121999941, -23.18193363499995, 0.0 ], [ -44.686390690999986, -23.181731440999954, 0.0 ], [ -44.685368344999972, -23.181313743999965, 0.0 ], [ -44.685414121999941, -23.18193363499995, 0.0 ] ] ], [ [ [ -44.683789026999932, -23.177142334999928, 0.0 ], [ -44.682080036999935, -23.177251071999933, 0.0 ], [ -44.681599404999986, -23.178710206999938, 0.0 ], [ -44.683800489999953, -23.179450255999939, 0.0 ], [ -44.684487134999983, -23.178696832999947, 0.0 ], [ -44.683789026999932, -23.177142334999928, 0.0 ] ] ], [ [ [ -44.634334856999942, -23.176530215999946, 0.0 ], [ -44.634933772999943, -23.176774362999936, 0.0 ], [ -44.634804084999985, -23.176349025999968, 0.0 ], [ -44.634334856999942, -23.176530215999946, 0.0 ] ] ], [ [ [ -44.679753029999972, -23.175255989999982, 0.0 ], [ -44.680241327999966, -23.175467701999935, 0.0 ], [ -44.680111615999976, -23.175088116999973, 0.0 ], [ -44.679753029999972, -23.175255989999982, 0.0 ] ] ], [ [ [ -44.634434039999974, -23.175151200999949, 0.0 ], [ -44.635074910999947, -23.174891800999944, 0.0 ], [ -44.635200800999939, -23.17404301299996, 0.0 ], [ -44.63432723699998, -23.174451192999982, 0.0 ], [ -44.634434039999974, -23.175151200999949, 0.0 ] ] ], [ [ [ -44.679608065999957, -23.174348085999952, 0.0 ], [ -44.68053124599993, -23.173983771999929, 0.0 ], [ -44.679482191999966, -23.173087325999973, 0.0 ], [ -44.67971106899995, -23.173615643999938, 0.0 ], [ -44.679608065999957, -23.174348085999952, 0.0 ] ] ], [ [ [ -44.678463630999943, -23.169404208999936, 0.0 ], [ -44.674381911999944, -23.169680778999975, 0.0 ], [ -44.67416826799996, -23.170533407999983, 0.0 ], [ -44.678909981999936, -23.172841270999982, 0.0 ], [ -44.678463630999943, -23.169404208999936, 0.0 ] ] ], [ [ [ -44.66418506399998, -23.158808866999948, 0.0 ], [ -44.661331654999969, -23.159489814999972, 0.0 ], [ -44.66157198999997, -23.16093176499993, 0.0 ], [ -44.664051572999938, -23.163523873999964, 0.0 ], [ -44.665596533999974, -23.163233946999981, 0.0 ], [ -44.666302264999956, -23.161059552999973, 0.0 ], [ -44.665146389999961, -23.160741018999943, 0.0 ], [ -44.66418506399998, -23.158808866999948, 0.0 ] ] ], [ [ [ -44.682984057999931, -23.156333091999954, 0.0 ], [ -44.681240726999931, -23.157544240999982, 0.0 ], [ -44.68534920299993, -23.158551319999958, 0.0 ], [ -44.685581901999967, -23.160714279999979, 0.0 ], [ -44.687954658999956, -23.162598720999938, 0.0 ], [ -44.688736715999937, -23.168210172999977, 0.0 ], [ -44.692559065999944, -23.170010719999937, 0.0 ], [ -44.691487114999973, -23.166176891999953, 0.0 ], [ -44.693600484999934, -23.164691093999977, 0.0 ], [ -44.694546521999939, -23.161870101999966, 0.0 ], [ -44.695759599999974, -23.160986990999959, 0.0 ], [ -44.695050050999953, -23.156315874999962, 0.0 ], [ -44.690129036999963, -23.155652132999933, 0.0 ], [ -44.686779703999946, -23.151553231999969, 0.0 ], [ -44.685436909999964, -23.15119846999994, 0.0 ], [ -44.683231986999942, -23.151885119999974, 0.0 ], [ -44.683724108999968, -23.154126263999956, 0.0 ], [ -44.682984057999931, -23.156333091999954, 0.0 ] ] ], [ [ [ -44.675076054999977, -23.133332268999936, 0.0 ], [ -44.676628628999936, -23.132834424999942, 0.0 ], [ -44.674763239999947, -23.131714834999968, 0.0 ], [ -44.674549617999958, -23.132521643999951, 0.0 ], [ -44.675076054999977, -23.133332268999936, 0.0 ] ] ], [ [ [ -44.683987247999937, -23.129853226999955, 0.0 ], [ -44.686054829999932, -23.131272284999966, 0.0 ], [ -44.687317504999953, -23.131293281999945, 0.0 ], [ -44.68786300499994, -23.130097362999948, 0.0 ], [ -44.684586157999945, -23.128266290999932, 0.0 ], [ -44.683987247999937, -23.129853226999955, 0.0 ] ] ], [ [ [ -44.678398650999952, -23.127245874999971, 0.0 ], [ -44.679844420999984, -23.125933607999968, 0.0 ], [ -44.677963757999976, -23.124783494999974, 0.0 ], [ -44.677406825999981, -23.125761971999964, 0.0 ], [ -44.678398650999952, -23.127245874999971, 0.0 ] ] ], [ [ [ -44.668075979999969, -23.123530374999973, 0.0 ], [ -44.668106497999986, -23.121876687999929, 0.0 ], [ -44.666237266999985, -23.120644546999927, 0.0 ], [ -44.666336457999932, -23.121747004999975, 0.0 ], [ -44.668075979999969, -23.123530374999973, 0.0 ] ] ], [ [ [ -44.677452552999966, -23.11120882299997, 0.0 ], [ -44.673286874999974, -23.111426276999964, 0.0 ], [ -44.673340267999947, -23.112908295999944, 0.0 ], [ -44.67639969499993, -23.114567679999936, 0.0 ], [ -44.677971360999948, -23.114449420999961, 0.0 ], [ -44.677452552999966, -23.11120882299997, 0.0 ] ] ], [ [ [ -44.67948198199997, -23.107943444999933, 0.0 ], [ -44.679184427999985, -23.109997650999958, 0.0 ], [ -44.681004059999964, -23.109166039999934, 0.0 ], [ -44.67948198199997, -23.107943444999933, 0.0 ] ] ], [ [ [ -44.685390990999963, -23.106329787999982, 0.0 ], [ -44.688248229999942, -23.109677178999959, 0.0 ], [ -44.689144682999938, -23.109896526999933, 0.0 ], [ -44.686802444999955, -23.106467107999947, 0.0 ], [ -44.685390990999963, -23.106329787999982, 0.0 ] ] ], [ [ [ -44.669014325999967, -23.09690175399993, 0.0 ], [ -44.672256852999965, -23.099003656999969, 0.0 ], [ -44.673736968999947, -23.098772868999959, 0.0 ], [ -44.671997447999956, -23.096930360999977, 0.0 ], [ -44.669094417999986, -23.096270406999963, 0.0 ], [ -44.669014325999967, -23.09690175399993, 0.0 ] ] ], [ [ [ -44.675964748999945, -23.095587562999981, 0.0 ], [ -44.676590371999964, -23.096085378999931, 0.0 ], [ -44.676834518999954, -23.095902277999983, 0.0 ], [ -44.675964748999945, -23.095587562999981, 0.0 ] ] ], [ [ [ -44.657692174999966, -23.093399878999946, 0.0 ], [ -44.658405548999951, -23.092844828999944, 0.0 ], [ -44.657596826999963, -23.092429040999946, 0.0 ], [ -44.657364111999982, -23.092680802999951, 0.0 ], [ -44.657692174999966, -23.093399878999946, 0.0 ] ] ], [ [ [ -44.683945151999978, -23.086706894999963, 0.0 ], [ -44.682400168999948, -23.086870928999929, 0.0 ], [ -44.685043778999955, -23.088623771999949, 0.0 ], [ -44.683945151999978, -23.086706894999963, 0.0 ] ] ], [ [ [ -44.593890820999945, -23.088587794999967, 0.0 ], [ -44.59660693099994, -23.089262975999929, 0.0 ], [ -44.59508862399997, -23.087271709999982, 0.0 ], [ -44.595100074999948, -23.085930831999974, 0.0 ], [ -44.593410153999969, -23.086539294999966, 0.0 ], [ -44.593890820999945, -23.088587794999967, 0.0 ] ] ], [ [ [ -44.556418697999959, -23.077776982999978, 0.0 ], [ -44.557143480999969, -23.077336393999929, 0.0 ], [ -44.55699088199998, -23.076785164999933, 0.0 ], [ -44.556308051999963, -23.076689798999951, 0.0 ], [ -44.556418697999959, -23.077776982999978, 0.0 ] ] ], [ [ [ -44.590007370999956, -23.070971451999981, 0.0 ], [ -44.590758860999983, -23.070698663999963, 0.0 ], [ -44.589751765999949, -23.070261896999966, 0.0 ], [ -44.590007370999956, -23.070971451999981, 0.0 ] ] ], [ [ [ -44.632366117999936, -23.068184664999933, 0.0 ], [ -44.631080555999972, -23.06820948799998, 0.0 ], [ -44.63069909099994, -23.070723373999954, 0.0 ], [ -44.629779729999939, -23.071318470999927, 0.0 ], [ -44.631755783999949, -23.072424742999942, 0.0 ], [ -44.632045676999951, -23.070446811999943, 0.0 ], [ -44.633438061999982, -23.07001192499996, 0.0 ], [ -44.632366117999936, -23.068184664999933, 0.0 ] ] ], [ [ [ -44.636516551999932, -23.070065328999931, 0.0 ], [ -44.640686063999965, -23.074456034999969, 0.0 ], [ -44.645172192999951, -23.075251399999956, 0.0 ], [ -44.644714412999974, -23.07299691299994, 0.0 ], [ -44.645706230999963, -23.07220917199993, 0.0 ], [ -44.644165061999956, -23.07131461299997, 0.0 ], [ -44.642433196999946, -23.068108361999975, 0.0 ], [ -44.640464787999974, -23.070088204999934, 0.0 ], [ -44.63550563299998, -23.067848982999976, 0.0 ], [ -44.636516551999932, -23.070065328999931, 0.0 ] ] ], [ [ [ -44.56375438699996, -23.068448069999931, 0.0 ], [ -44.564647020999985, -23.068419475999974, 0.0 ], [ -44.564902622999966, -23.068026547999978, 0.0 ], [ -44.563830682999935, -23.067463889999942, 0.0 ], [ -44.56375438699996, -23.068448069999931, 0.0 ] ] ], [ [ [ -44.602035193999939, -23.068184748999954, 0.0 ], [ -44.602615043999947, -23.069201383999939, 0.0 ], [ -44.604816122999978, -23.067883386999938, 0.0 ], [ -44.602847728999961, -23.066695111999934, 0.0 ], [ -44.602035193999939, -23.068184748999954, 0.0 ] ] ], [ [ [ -44.637985201999982, -23.066302087999929, 0.0 ], [ -44.636970496999936, -23.067333977999965, 0.0 ], [ -44.637893657999939, -23.068079758999943, 0.0 ], [ -44.63882063099993, -23.066832360999967, 0.0 ], [ -44.637985201999982, -23.066302087999929, 0.0 ] ] ], [ [ [ -44.595943078999937, -23.067341727999974, 0.0 ], [ -44.597209569999961, -23.066573053999946, 0.0 ], [ -44.595306019999953, -23.06557933299996, 0.0 ], [ -44.594451503999949, -23.066584515999978, 0.0 ], [ -44.595943078999937, -23.067341727999974, 0.0 ] ] ], [ [ [ -44.62809741999996, -23.063622291999934, 0.0 ], [ -44.628547554999955, -23.06382636799998, 0.0 ], [ -44.628517029999955, -23.063528831999974, 0.0 ], [ -44.62809741999996, -23.063622291999934, 0.0 ] ] ], [ [ [ -44.61650444299994, -23.061915200999977, 0.0 ], [ -44.617217798999945, -23.062846013999945, 0.0 ], [ -44.617713728999945, -23.061831308999956, 0.0 ], [ -44.61650444299994, -23.061915200999977, 0.0 ] ] ], [ [ [ -44.623435821999976, -23.061186603999943, 0.0 ], [ -44.623683766999932, -23.061516572999949, 0.0 ], [ -44.623847796999939, -23.06138115899995, 0.0 ], [ -44.623435821999976, -23.061186603999943, 0.0 ] ] ], [ [ [ -44.623805838999942, -23.061137009999982, 0.0 ], [ -44.624313204999964, -23.061146554999937, 0.0 ], [ -44.62400039299996, -23.060780334999947, 0.0 ], [ -44.623805838999942, -23.061137009999982, 0.0 ] ] ], [ [ [ -44.627300127999945, -23.063092042999983, 0.0 ], [ -44.629638559999933, -23.063061511999933, 0.0 ], [ -44.629737742999964, -23.061901846999945, 0.0 ], [ -44.628387331999932, -23.060456081999973, 0.0 ], [ -44.626155702999938, -23.06118850799993, 0.0 ], [ -44.627300127999945, -23.063092042999983, 0.0 ] ] ], [ [ [ -44.659832147999964, -23.059673959999941, 0.0 ], [ -44.660843059999934, -23.059355442999959, 0.0 ], [ -44.66027464299998, -23.058388400999945, 0.0 ], [ -44.659675751999941, -23.058851900999969, 0.0 ], [ -44.659832147999964, -23.059673959999941, 0.0 ] ] ], [ [ [ -44.622695749999934, -23.05681302499994, 0.0 ], [ -44.620452688999933, -23.057587430999945, 0.0 ], [ -44.619708814999967, -23.058661298999937, 0.0 ], [ -44.622047250999969, -23.059935371999927, 0.0 ], [ -44.623103912999966, -23.059216312999979, 0.0 ], [ -44.623710469999935, -23.060576258999959, 0.0 ], [ -44.624629802999948, -23.05851439199995, 0.0 ], [ -44.624023268999963, -23.057158263999952, 0.0 ], [ -44.622695749999934, -23.05681302499994, 0.0 ] ] ], [ [ [ -44.608707128999981, -23.060395086999961, 0.0 ], [ -44.600379577999945, -23.05651364199997, 0.0 ], [ -44.601020451999943, -23.057572232999973, 0.0 ], [ -44.605128908999973, -23.059994556999982, 0.0 ], [ -44.608230299999946, -23.064406267999971, 0.0 ], [ -44.609172550999972, -23.064543589999971, 0.0 ], [ -44.608707128999981, -23.060395086999961, 0.0 ] ] ], [ [ [ -44.555400076999945, -23.055624929999965, 0.0 ], [ -44.55266874199998, -23.056036933999962, 0.0 ], [ -44.551539576999971, -23.05715082699993, 0.0 ], [ -44.553649115999974, -23.058840737999958, 0.0 ], [ -44.556525435999959, -23.058279976999927, 0.0 ], [ -44.557521080999948, -23.059922206999943, 0.0 ], [ -44.556399552999949, -23.061432844999956, 0.0 ], [ -44.55654070199995, -23.063063621999959, 0.0 ], [ -44.559245354999973, -23.062993042999949, 0.0 ], [ -44.562987617999966, -23.066966074999982, 0.0 ], [ -44.564223586999958, -23.06686497499993, 0.0 ], [ -44.564292239999929, -23.064200401999983, 0.0 ], [ -44.558604468999931, -23.058398226999941, 0.0 ], [ -44.557994091999944, -23.056513757999937, 0.0 ], [ -44.555400076999945, -23.055624929999965, 0.0 ] ] ], [ [ [ -44.61016052399998, -23.055359653999972, 0.0 ], [ -44.60995453299995, -23.054343040999981, 0.0 ], [ -44.609531103999984, -23.05418280799995, 0.0 ], [ -44.609401394999963, -23.054886611999962, 0.0 ], [ -44.61016052399998, -23.055359653999972, 0.0 ] ] ], [ [ [ -44.560019719999957, -23.05155080399993, 0.0 ], [ -44.55937500999994, -23.052578873999948, 0.0 ], [ -44.560088364999956, -23.053294131999962, 0.0 ], [ -44.563487302999931, -23.053200663999974, 0.0 ], [ -44.562014816999977, -23.051800672999946, 0.0 ], [ -44.560019719999957, -23.05155080399993, 0.0 ] ] ], [ [ [ -44.545558059999962, -23.050078368999948, 0.0 ], [ -44.546198926999978, -23.048647848999963, 0.0 ], [ -44.544478475999938, -23.047171559999981, 0.0 ], [ -44.544478479999952, -23.048390364999932, 0.0 ], [ -44.545558059999962, -23.050078368999948, 0.0 ] ] ], [ [ [ -44.543986381999957, -23.046486826999967, 0.0 ], [ -44.544203822999975, -23.045891730999983, 0.0 ], [ -44.543360733999975, -23.045496896999964, 0.0 ], [ -44.543448489999946, -23.045870731999969, 0.0 ], [ -44.543986381999957, -23.046486826999967, 0.0 ] ] ], [ [ [ -44.515608562999944, -23.035752290999937, 0.0 ], [ -44.515478876999964, -23.036353112999961, 0.0 ], [ -44.518309407999936, -23.038521768999942, 0.0 ], [ -44.520880532999968, -23.038601856999946, 0.0 ], [ -44.520319749999942, -23.036814663999962, 0.0 ], [ -44.519060889999935, -23.035830488999977, 0.0 ], [ -44.515608562999944, -23.035752290999937, 0.0 ] ] ] ] } },
{ "type": "Feature", "properties": { "id": "463", "Name": "PARNA Federal — São José Do Barreiro", "description": null, "timestamp": null, "begin": null, "end": null, "altitudeMode": null, "tessellate": -1, "extrude": 0, "visibility": -1, "drawOrder": null, "icon": null, "globalid": "{1BBB76F5-F6A3-4C63-A07F-38250572E811}", "nome_uc": "PARNA Federal — São José Do Barreiro", "jurisdicao": "Federal", "tipo": "Proteção Integral", "categoria": "PARNA", "area_ha": "106566.4248", "mun_abrang": "São José Do Barreiro, Areias, Angra Dos Reis, Parati, Cunha, Ubatuba, Bananal.", "bioma_ibge": "Mata Atlântica", "ato_criaca": "DEC 68.172, de 04/02/1971; DEC 70.694, de 08/06/1972" }, "geometry": { "type": "Polygon", "coordinates": [ [ [ -44.57966066399996, -22.713598523999963, 0.0 ], [ -44.57791730699995, -22.714478601999929, 0.0 ], [ -44.579393325999945, -22.716787715999942, 0.0 ], [ -44.583806471999935, -22.720260193999934, 0.0 ], [ -44.586041095999974, -22.720490187999928, 0.0 ], [ -44.587931881999964, -22.721807741999953, 0.0 ], [ -44.590765446999967, -22.724594758999956, 0.0 ], [ -44.592274648999933, -22.728507099999945, 0.0 ], [ -44.594136339999977, -22.73087628899998, 0.0 ], [ -44.595717074999982, -22.731547144999979, 0.0 ], [ -44.597929280999949, -22.730396252999981, 0.0 ], [ -44.597946609999951, -22.731960646999937, 0.0 ], [ -44.60186561699993, -22.736002869999936, 0.0 ], [ -44.61006810899994, -22.742155649999972, 0.0 ], [ -44.611916877999931, -22.745451748999983, 0.0 ], [ -44.611976969999944, -22.746708264999938, 0.0 ], [ -44.60814256499998, -22.746914462999939, 0.0 ], [ -44.607320078999976, -22.746403519999944, 0.0 ], [ -44.606731755999931, -22.743736884999976, 0.0 ], [ -44.603648559999954, -22.741930683999954, 0.0 ], [ -44.60068413099998, -22.742080034999958, 0.0 ], [ -44.599466636999978, -22.744266357999948, 0.0 ], [ -44.596901933999959, -22.745726703999935, 0.0 ], [ -44.597198873999957, -22.74802256199996, 0.0 ], [ -44.593686963999971, -22.751775746999954, 0.0 ], [ -44.591650195999932, -22.752081271999941, 0.0 ], [ -44.590573177999943, -22.753531717999977, 0.0 ], [ -44.590555295999934, -22.755208352999944, 0.0 ], [ -44.592903533999959, -22.759702756999957, 0.0 ], [ -44.596131280999941, -22.762734750999982, 0.0 ], [ -44.596152994999954, -22.766305666999983, 0.0 ], [ -44.597532300999944, -22.768352715999981, 0.0 ], [ -44.596079032999967, -22.771089510999957, 0.0 ], [ -44.596606187999953, -22.772148299999969, 0.0 ], [ -44.596105678999947, -22.77488834199994, 0.0 ], [ -44.60134116699993, -22.780280848999951, 0.0 ], [ -44.60357572199996, -22.780285761999949, 0.0 ], [ -44.603483823999966, -22.78093944799997, 0.0 ], [ -44.602330238999969, -22.784091549999971, 0.0 ], [ -44.600693867999951, -22.78449801499994, 0.0 ], [ -44.596950710999977, -22.781100427999945, 0.0 ], [ -44.593388898999933, -22.779219920999935, 0.0 ], [ -44.595002800999964, -22.780846922999956, 0.0 ], [ -44.594496352999954, -22.783011094999949, 0.0 ], [ -44.596926896999946, -22.786574242999961, 0.0 ], [ -44.597072541999978, -22.789643534999982, 0.0 ], [ -44.593669857999942, -22.791401208999957, 0.0 ], [ -44.592279039999937, -22.793603745999974, 0.0 ], [ -44.591601540999932, -22.793446654999968, 0.0 ], [ -44.59167621499995, -22.791742685999964, 0.0 ], [ -44.590737612999931, -22.791838753999969, 0.0 ], [ -44.590459652999982, -22.79600641899998, 0.0 ], [ -44.58822835899997, -22.799060032999932, 0.0 ], [ -44.586184245999959, -22.796437555999944, 0.0 ], [ -44.584742433999963, -22.79584344899996, 0.0 ], [ -44.58292341799995, -22.798071076999975, 0.0 ], [ -44.583470612999974, -22.799544821999973, 0.0 ], [ -44.582606763999934, -22.799623827999937, 0.0 ], [ -44.583755776999965, -22.80156760999995, 0.0 ], [ -44.585020473999975, -22.801927033999959, 0.0 ], [ -44.585011013999974, -22.804200014999935, 0.0 ], [ -44.586738258999958, -22.80506494399998, 0.0 ], [ -44.588820608999981, -22.808736773999954, 0.0 ], [ -44.590277348999962, -22.809562725999967, 0.0 ], [ -44.59047813899997, -22.81138929399998, 0.0 ], [ -44.588414955999951, -22.813324278999971, 0.0 ], [ -44.586954312999978, -22.812928520999947, 0.0 ], [ -44.585940557999947, -22.811396692999949, 0.0 ], [ -44.582683897999971, -22.811543558999972, 0.0 ], [ -44.579583984999942, -22.813538331999951, 0.0 ], [ -44.579879066999979, -22.817360905999976, 0.0 ], [ -44.578589806999958, -22.818239454999969, 0.0 ], [ -44.576389869999957, -22.817619362999949, 0.0 ], [ -44.57562489299994, -22.818202905999954, 0.0 ], [ -44.576686375999941, -22.819286060999957, 0.0 ], [ -44.576842363999958, -22.826377942999954, 0.0 ], [ -44.57483205799997, -22.828586789999974, 0.0 ], [ -44.576027874999966, -22.830944236999983, 0.0 ], [ -44.57972631399997, -22.833191180999961, 0.0 ], [ -44.577459700999952, -22.834043234999967, 0.0 ], [ -44.574803385999985, -22.836653813999931, 0.0 ], [ -44.57484188199993, -22.837543036999932, 0.0 ], [ -44.578321938999977, -22.840415639999947, 0.0 ], [ -44.578044792999947, -22.842150601999947, 0.0 ], [ -44.58070205599995, -22.843453059999945, 0.0 ], [ -44.58220756299994, -22.843275368999969, 0.0 ], [ -44.581856503999973, -22.844232880999982, 0.0 ], [ -44.583389305999958, -22.844748381999977, 0.0 ], [ -44.58545608299994, -22.846914912999978, 0.0 ], [ -44.585876782999946, -22.849353916999974, 0.0 ], [ -44.588432495999939, -22.851050828999973, 0.0 ], [ -44.588292195999941, -22.852594953999983, 0.0 ], [ -44.59002361499995, -22.853137195999977, 0.0 ], [ -44.593328233999955, -22.858526760999951, 0.0 ], [ -44.59587407999993, -22.859288518999961, 0.0 ], [ -44.597893041999953, -22.86294619399996, 0.0 ], [ -44.600339711999936, -22.86521130999995, 0.0 ], [ -44.59328211899998, -22.866404014999944, 0.0 ], [ -44.588711574999934, -22.863046120999968, 0.0 ], [ -44.584538324999983, -22.863116542999933, 0.0 ], [ -44.581697791999943, -22.864256350999938, 0.0 ], [ -44.581050663999974, -22.86333684899995, 0.0 ], [ -44.580101284999955, -22.863420390999977, 0.0 ], [ -44.576871144999984, -22.865429079999956, 0.0 ], [ -44.576176368999938, -22.864912880999952, 0.0 ], [ -44.576033917999951, -22.862795477999953, 0.0 ], [ -44.570807073999958, -22.862791044999938, 0.0 ], [ -44.569621286999961, -22.863416437999945, 0.0 ], [ -44.569647049999958, -22.86509454399993, 0.0 ], [ -44.568081479999933, -22.865721102999942, 0.0 ], [ -44.56721196899997, -22.868267540999966, 0.0 ], [ -44.56804402399996, -22.86941083499994, 0.0 ], [ -44.567930909999973, -22.875401520999958, 0.0 ], [ -44.570416922999982, -22.877122932999953, 0.0 ], [ -44.571186178999938, -22.879269525999973, 0.0 ], [ -44.568710416999977, -22.883486004999952, 0.0 ], [ -44.567640008999945, -22.884057406999943, 0.0 ], [ -44.567016062999983, -22.882796736999978, 0.0 ], [ -44.565769499999931, -22.882790685999964, 0.0 ], [ -44.562712640999962, -22.884567291999929, 0.0 ], [ -44.560313359999952, -22.884576817999971, 0.0 ], [ -44.555548790999978, -22.888971031999972, 0.0 ], [ -44.54905171799993, -22.886403531999974, 0.0 ], [ -44.547753238999974, -22.886741811999968, 0.0 ], [ -44.541683427999942, -22.883879923999928, 0.0 ], [ -44.541913394999938, -22.886645275999967, 0.0 ], [ -44.538441330999945, -22.89078737899996, 0.0 ], [ -44.538472382999942, -22.893666381999935, 0.0 ], [ -44.534931163999943, -22.895229015999973, 0.0 ], [ -44.530502801999944, -22.895134537999979, 0.0 ], [ -44.528742870999963, -22.893461578999961, 0.0 ], [ -44.519011616999933, -22.888984720999929, 0.0 ], [ -44.518333108999968, -22.886616241999945, 0.0 ], [ -44.513289935999978, -22.889693644999966, 0.0 ], [ -44.502924812999936, -22.888342253999951, 0.0 ], [ -44.49841289699998, -22.890507829999933, 0.0 ], [ -44.494371373999968, -22.88912401999994, 0.0 ], [ -44.493038694999939, -22.888095931999942, 0.0 ], [ -44.492402639999966, -22.885906692999981, 0.0 ], [ -44.490658648999954, -22.885779514999967, 0.0 ], [ -44.488793176999934, -22.887329171999966, 0.0 ], [ -44.488432069999931, -22.890715033999982, 0.0 ], [ -44.485609335999982, -22.895529435999947, 0.0 ], [ -44.485637743999973, -22.892910074999975, 0.0 ], [ -44.484505300999956, -22.891201903999956, 0.0 ], [ -44.485438502999955, -22.890925581999966, 0.0 ], [ -44.485636503999956, -22.889712344999964, 0.0 ], [ -44.48189210299995, -22.887113919999933, 0.0 ], [ -44.483886248999966, -22.886212062999959, 0.0 ], [ -44.483840351999959, -22.885495727999967, 0.0 ], [ -44.482033571999978, -22.884606187999964, 0.0 ], [ -44.477980318999983, -22.884573189999969, 0.0 ], [ -44.477422643999944, -22.880834942999968, 0.0 ], [ -44.474074255999938, -22.87810673599995, 0.0 ], [ -44.474595850999947, -22.87646553899998, 0.0 ], [ -44.47325770599997, -22.874885784999947, 0.0 ], [ -44.470516511999961, -22.875969228999963, 0.0 ], [ -44.469893233999983, -22.87780063799994, 0.0 ], [ -44.471037646999946, -22.880421471999966, 0.0 ], [ -44.470451298999933, -22.881595989999937, 0.0 ], [ -44.469387964999953, -22.881270780999955, 0.0 ], [ -44.469073958999957, -22.880186797999954, 0.0 ], [ -44.467442851999976, -22.88150603899993, 0.0 ], [ -44.46663585999994, -22.885239489999947, 0.0 ], [ -44.467464327999949, -22.88578720199996, 0.0 ], [ -44.466734444999986, -22.886415733999968, 0.0 ], [ -44.464113778999945, -22.886378242999967, 0.0 ], [ -44.461899797999934, -22.883947236999973, 0.0 ], [ -44.46036085399993, -22.88382156299997, 0.0 ], [ -44.459534317999953, -22.882795807999969, 0.0 ], [ -44.456714137999938, -22.88271032199998, 0.0 ], [ -44.45689701699996, -22.881826371999978, 0.0 ], [ -44.455064899999968, -22.879150297999956, 0.0 ], [ -44.451611298999978, -22.876738545999956, 0.0 ], [ -44.447672573999967, -22.877389355999981, 0.0 ], [ -44.444563215999949, -22.876065876999974, 0.0 ], [ -44.445319831999939, -22.878595164999979, 0.0 ], [ -44.442439253999964, -22.878080641999929, 0.0 ], [ -44.438146218999975, -22.886190927999962, 0.0 ], [ -44.436540461999982, -22.887001969999972, 0.0 ], [ -44.435311441999943, -22.889094933999957, 0.0 ], [ -44.433835966999936, -22.892403275999982, 0.0 ], [ -44.434532108999974, -22.892978480999943, 0.0 ], [ -44.434190430999934, -22.893682554999941, 0.0 ], [ -44.435737468999946, -22.893734087999974, 0.0 ], [ -44.433270127999947, -22.893816274999949, 0.0 ], [ -44.430725207999956, -22.895708753999941, 0.0 ], [ -44.432717105999984, -22.898280388999979, 0.0 ], [ -44.427106163999952, -22.900026044999947, 0.0 ], [ -44.427053824999973, -22.901230529999964, 0.0 ], [ -44.42908941099995, -22.902878265999959, 0.0 ], [ -44.426831497999956, -22.902418104999981, 0.0 ], [ -44.426355471999955, -22.903093961999957, 0.0 ], [ -44.424846413999944, -22.901806690999933, 0.0 ], [ -44.423446644999956, -22.903294586999948, 0.0 ], [ -44.422353629999975, -22.902167623999958, 0.0 ], [ -44.421106307999935, -22.904519990999972, 0.0 ], [ -44.418909277999944, -22.904975692999983, 0.0 ], [ -44.418465479999952, -22.905779489999929, 0.0 ], [ -44.416020727999978, -22.905256938999969, 0.0 ], [ -44.417528009999955, -22.906873854999958, 0.0 ], [ -44.416520789999936, -22.906618204999972, 0.0 ], [ -44.416883053999982, -22.907748678999951, 0.0 ], [ -44.415573301999984, -22.908159050999927, 0.0 ], [ -44.416464982999969, -22.910583484999961, 0.0 ], [ -44.415351421999958, -22.911283060999949, 0.0 ], [ -44.415895759999955, -22.912905730999967, 0.0 ], [ -44.415127476999942, -22.913112853999962, 0.0 ], [ -44.41500416699995, -22.914427427999954, 0.0 ], [ -44.416649728999971, -22.918647130999943, 0.0 ], [ -44.415220664999936, -22.918830370999956, 0.0 ], [ -44.413880689999985, -22.920954043999927, 0.0 ], [ -44.411176581999939, -22.921000145999983, 0.0 ], [ -44.411519190999968, -22.923276996999959, 0.0 ], [ -44.408255875999942, -22.924338302999956, 0.0 ], [ -44.408424964999938, -22.925672647999932, 0.0 ], [ -44.410610457999951, -22.927159355999947, 0.0 ], [ -44.40976251799998, -22.928102496999941, 0.0 ], [ -44.409010682999963, -22.932433390999961, 0.0 ], [ -44.410129048999977, -22.932133655999962, 0.0 ], [ -44.411851528999932, -22.92895587299995, 0.0 ], [ -44.411563753999985, -22.927768503999971, 0.0 ], [ -44.41319137399995, -22.927067201999932, 0.0 ], [ -44.414950489999967, -22.928240718999973, 0.0 ], [ -44.417462630999978, -22.932068713999968, 0.0 ], [ -44.41958890799998, -22.932551945999933, 0.0 ], [ -44.419077399999935, -22.930763795999951, 0.0 ], [ -44.420562777999976, -22.929333668999959, 0.0 ], [ -44.418485890999932, -22.928001607999931, 0.0 ], [ -44.418157244999975, -22.925730206999958, 0.0 ], [ -44.416581616999963, -22.924686726999937, 0.0 ], [ -44.419138089999933, -22.923316727999975, 0.0 ], [ -44.417457987999967, -22.921279230999971, 0.0 ], [ -44.418348044999959, -22.920384817999945, 0.0 ], [ -44.419957858999965, -22.92122625099995, 0.0 ], [ -44.422208434999959, -22.920887190999963, 0.0 ], [ -44.422629719999975, -22.924103255999967, 0.0 ], [ -44.425316110999972, -22.926054869999973, 0.0 ], [ -44.427229476999969, -22.925019765999934, 0.0 ], [ -44.428090986999962, -22.923452491999967, 0.0 ], [ -44.429245101999982, -22.923470545999976, 0.0 ], [ -44.429257384999971, -22.925026805999948, 0.0 ], [ -44.430870201999937, -22.924922117999927, 0.0 ], [ -44.430822794999983, -22.926867197999968, 0.0 ], [ -44.429416716999981, -22.927436365999938, 0.0 ], [ -44.430148173999953, -22.929659338999954, 0.0 ], [ -44.428495168999973, -22.929727252999953, 0.0 ], [ -44.427566098999932, -22.930887428999938, 0.0 ], [ -44.428943634999939, -22.93341398299998, 0.0 ], [ -44.429661938999971, -22.937718484999948, 0.0 ], [ -44.432490379999933, -22.935671246999959, 0.0 ], [ -44.437871050999945, -22.936653857999943, 0.0 ], [ -44.437342059999935, -22.933464793999974, 0.0 ], [ -44.441907249999986, -22.932240556999943, 0.0 ], [ -44.443436765999934, -22.929659433999973, 0.0 ], [ -44.44283971599998, -22.928479822999975, 0.0 ], [ -44.444671142999937, -22.927507803999958, 0.0 ], [ -44.444742609999935, -22.925069080999947, 0.0 ], [ -44.445801029999984, -22.924410126999931, 0.0 ], [ -44.446455300999958, -22.926908481999931, 0.0 ], [ -44.448137763999966, -22.927978010999936, 0.0 ], [ -44.452042954999968, -22.925223994999953, 0.0 ], [ -44.452482035999935, -22.925971629999935, 0.0 ], [ -44.453985604999957, -22.925531358999933, 0.0 ], [ -44.452538002999972, -22.930536425999946, 0.0 ], [ -44.450265662999982, -22.932632124999941, 0.0 ], [ -44.450083383999981, -22.933697513999959, 0.0 ], [ -44.451474350999945, -22.934926157999939, 0.0 ], [ -44.454220488999965, -22.935176403999947, 0.0 ], [ -44.455292398999973, -22.934177116999933, 0.0 ], [ -44.455365275999952, -22.935012570999959, 0.0 ], [ -44.45651748399996, -22.93493377599998, 0.0 ], [ -44.455290717999958, -22.937288996999939, 0.0 ], [ -44.455435020999971, -22.940569873999948, 0.0 ], [ -44.445969613999978, -22.943447191999951, 0.0 ], [ -44.443978926999932, -22.946852569999976, 0.0 ], [ -44.447501336999949, -22.948575330999972, 0.0 ], [ -44.448124716999985, -22.946496690999936, 0.0 ], [ -44.449804314999938, -22.946267244999945, 0.0 ], [ -44.451548327999944, -22.947352678999948, 0.0 ], [ -44.450887615999932, -22.947553677999963, 0.0 ], [ -44.451156043999958, -22.949572147999959, 0.0 ], [ -44.452250067999955, -22.95087237599995, 0.0 ], [ -44.451300922999962, -22.951112007999939, 0.0 ], [ -44.453537187999984, -22.952931924999973, 0.0 ], [ -44.454374718999929, -22.955079833999946, 0.0 ], [ -44.453207640999949, -22.956298712999967, 0.0 ], [ -44.450121091999961, -22.95661770199996, 0.0 ], [ -44.451204476999976, -22.958182119999947, 0.0 ], [ -44.450514490999979, -22.958563271999935, 0.0 ], [ -44.451057728999956, -22.959494660999951, 0.0 ], [ -44.449568802999977, -22.960496937999949, 0.0 ], [ -44.449368959999958, -22.96250846099997, 0.0 ], [ -44.447575463999954, -22.963896253999962, 0.0 ], [ -44.451561801999958, -22.961864891999937, 0.0 ], [ -44.452210179999952, -22.960391026999957, 0.0 ], [ -44.453571213999965, -22.959796142999949, 0.0 ], [ -44.453101645999936, -22.95868468599997, 0.0 ], [ -44.456036671999982, -22.958809193999969, 0.0 ], [ -44.455720699999972, -22.95746857499995, 0.0 ], [ -44.456761716999949, -22.956926935999945, 0.0 ], [ -44.456305954999948, -22.956086133999975, 0.0 ], [ -44.46114317599995, -22.956909902999939, 0.0 ], [ -44.460449548999975, -22.958246971999927, 0.0 ], [ -44.462453395999944, -22.958839913999952, 0.0 ], [ -44.461021700999936, -22.959874335999928, 0.0 ], [ -44.463951757999951, -22.962404766999953, 0.0 ], [ -44.462071109999954, -22.963136945999963, 0.0 ], [ -44.463664995999977, -22.965434159999973, 0.0 ], [ -44.46326513799994, -22.966473938999968, 0.0 ], [ -44.460796352999978, -22.967008060999945, 0.0 ], [ -44.464429675999952, -22.969575110999983, 0.0 ], [ -44.465247095999985, -22.969156397999939, 0.0 ], [ -44.46419874299994, -22.967781490999982, 0.0 ], [ -44.464803788999973, -22.966954637999947, 0.0 ], [ -44.466226222999978, -22.967325537999955, 0.0 ], [ -44.466641934999984, -22.968251361999933, 0.0 ], [ -44.467680689999952, -22.967166701999929, 0.0 ], [ -44.468693389999942, -22.969140521999975, 0.0 ], [ -44.469822760999932, -22.969424530999959, 0.0 ], [ -44.468572030999951, -22.972532428999955, 0.0 ], [ -44.470335003999935, -22.976903073999949, 0.0 ], [ -44.469789714999933, -22.977991458999952, 0.0 ], [ -44.465660913999955, -22.978845314999944, 0.0 ], [ -44.467165313999942, -22.976596233999942, 0.0 ], [ -44.462526472999969, -22.977435212999978, 0.0 ], [ -44.461865394999961, -22.979133739999952, 0.0 ], [ -44.458540340999946, -22.978126298999939, 0.0 ], [ -44.456179405999933, -22.978703593999967, 0.0 ], [ -44.455880456999978, -22.979857460999938, 0.0 ], [ -44.458688809999956, -22.981419565999943, 0.0 ], [ -44.457762504999948, -22.982348831999957, 0.0 ], [ -44.456448357999932, -22.981638088999944, 0.0 ], [ -44.455482049999944, -22.982054868999967, 0.0 ], [ -44.457136568999942, -22.986329237999939, 0.0 ], [ -44.453285610999956, -22.984843681999962, 0.0 ], [ -44.452353933999973, -22.985563497999976, 0.0 ], [ -44.450791034999952, -22.985154225999963, 0.0 ], [ -44.449893752999969, -22.986599373999979, 0.0 ], [ -44.448297227999944, -22.986219317999939, 0.0 ], [ -44.446401311999978, -22.983634737999978, 0.0 ], [ -44.441954893999934, -22.983835857999964, 0.0 ], [ -44.442118243999971, -22.98500004999994, 0.0 ], [ -44.447115013999962, -22.989700336999931, 0.0 ], [ -44.448665292999976, -22.993547597999964, 0.0 ], [ -44.451684906999958, -22.995201914999939, 0.0 ], [ -44.451762669999937, -22.996077244999981, 0.0 ], [ -44.450756662999936, -22.995960095999976, 0.0 ], [ -44.450563495999972, -22.997238584999934, 0.0 ], [ -44.449239277999936, -22.998022643999946, 0.0 ], [ -44.448593341999981, -23.000786827999946, 0.0 ], [ -44.445847479999941, -23.001330831999951, 0.0 ], [ -44.447033034999947, -23.003054787999929, 0.0 ], [ -44.447454178999976, -23.00619944999994, 0.0 ], [ -44.449446943999931, -23.007380636999983, 0.0 ], [ -44.45102471499996, -23.005625191999968, 0.0 ], [ -44.449041899999941, -23.001041226999973, 0.0 ], [ -44.454157745999964, -22.999690930999975, 0.0 ], [ -44.454848751999975, -22.998296747999973, 0.0 ], [ -44.461510425999961, -22.999370534999969, 0.0 ], [ -44.463666864999936, -23.00111914799993, 0.0 ], [ -44.467865570999948, -23.001402073999941, 0.0 ], [ -44.46814244899997, -23.002880153999968, 0.0 ], [ -44.47191055199994, -23.003724474999956, 0.0 ], [ -44.471916114999942, -23.00222460699996, 0.0 ], [ -44.469602245999965, -23.001080925999929, 0.0 ], [ -44.470979869999951, -22.998551753999948, 0.0 ], [ -44.469657410999957, -22.996988403999978, 0.0 ], [ -44.469897902999946, -22.994198768999979, 0.0 ], [ -44.47379955599996, -22.992014949999941, 0.0 ], [ -44.477986895999948, -22.99263710699995, 0.0 ], [ -44.477765541999986, -22.993239937999931, 0.0 ], [ -44.484194220999939, -22.995005724999942, 0.0 ], [ -44.483810238999979, -22.996285507999971, 0.0 ], [ -44.48549870599993, -22.997157608999942, 0.0 ], [ -44.485494738999932, -22.998425829999974, 0.0 ], [ -44.488699455999949, -22.998860278999928, 0.0 ], [ -44.489588757999968, -23.002108476999979, 0.0 ], [ -44.486597898999946, -23.002383256999963, 0.0 ], [ -44.486637745999985, -23.002998427999955, 0.0 ], [ -44.489194635999979, -23.003538858999946, 0.0 ], [ -44.490902400999971, -23.002455035999958, 0.0 ], [ -44.492679187999954, -23.003273254999954, 0.0 ], [ -44.492874158999939, -23.002152768999963, 0.0 ], [ -44.494089277999933, -23.003161571999954, 0.0 ], [ -44.493306, -23.007084224999971, 0.0 ], [ -44.492315546999976, -23.00840287099993, 0.0 ], [ -44.48864545999993, -23.010348046999979, 0.0 ], [ -44.488244505999944, -23.012103045999936, 0.0 ], [ -44.491490029999966, -23.016240230999983, 0.0 ], [ -44.494729716999984, -23.017659157999958, 0.0 ], [ -44.496117496999943, -23.016458030999956, 0.0 ], [ -44.495582920999937, -23.014768115999971, 0.0 ], [ -44.496402565999972, -23.012770256999943, 0.0 ], [ -44.498004910999953, -23.017916669999977, 0.0 ], [ -44.496711891999951, -23.020350828999938, 0.0 ], [ -44.499414811999941, -23.021595397999931, 0.0 ], [ -44.501652743999955, -23.024624321999966, 0.0 ], [ -44.504935040999953, -23.026031803999956, 0.0 ], [ -44.511456310999961, -23.024005222999961, 0.0 ], [ -44.514041144999965, -23.021744717999979, 0.0 ], [ -44.519852684999933, -23.025122360999944, 0.0 ], [ -44.522867403999953, -23.023706201999971, 0.0 ], [ -44.52371973299995, -23.020996175999983, 0.0 ], [ -44.526378772999976, -23.020291095999937, 0.0 ], [ -44.527677080999979, -23.017499045999955, 0.0 ], [ -44.530321298999979, -23.017777912999975, 0.0 ], [ -44.529479745999936, -23.016381962999958, 0.0 ], [ -44.530158171999972, -23.01608370799994, 0.0 ], [ -44.529359337999949, -23.015329418999954, 0.0 ], [ -44.529578851999986, -23.014390309999953, 0.0 ], [ -44.528610998999966, -23.014643418999981, 0.0 ], [ -44.527964022999981, -23.013524594999978, 0.0 ], [ -44.526900817999945, -23.013818080999954, 0.0 ], [ -44.525394923999954, -23.011936980999963, 0.0 ], [ -44.525920202999941, -23.010503104999941, 0.0 ], [ -44.525225664999937, -23.008582953999962, 0.0 ], [ -44.520567495999956, -23.005869098999938, 0.0 ], [ -44.520477385999982, -23.004320578999966, 0.0 ], [ -44.518470270999956, -23.001075886999956, 0.0 ], [ -44.515626941999983, -22.999805660999982, 0.0 ], [ -44.515083426999979, -22.996818029999929, 0.0 ], [ -44.510605211999973, -22.992498888999933, 0.0 ], [ -44.510151182999948, -22.99105286899993, 0.0 ], [ -44.507525590999933, -22.989196664999952, 0.0 ], [ -44.508689896999954, -22.988952521999977, 0.0 ], [ -44.511546929999952, -22.991691584999955, 0.0 ], [ -44.514612463999981, -22.990788460999966, 0.0 ], [ -44.513460787999975, -22.993518771999959, 0.0 ], [ -44.514978575999976, -22.992858779999949, 0.0 ], [ -44.515404453999963, -22.99401258599994, 0.0 ], [ -44.516152965999936, -22.992813210999941, 0.0 ], [ -44.515577331999964, -22.994699043999958, 0.0 ], [ -44.516513345999954, -22.996186134999959, 0.0 ], [ -44.517173942999932, -22.995070431999977, 0.0 ], [ -44.519098758999974, -22.994929605999971, 0.0 ], [ -44.520845498999961, -22.998179101999938, 0.0 ], [ -44.521776435999982, -22.998280521999959, 0.0 ], [ -44.520109304999949, -23.000095569999928, 0.0 ], [ -44.520324538999944, -23.001745434999975, 0.0 ], [ -44.523408435999954, -23.004178814999932, 0.0 ], [ -44.522526221999954, -22.99897938099997, 0.0 ], [ -44.524334221999936, -22.999061530999938, 0.0 ], [ -44.524422830999981, -22.997587771999974, 0.0 ], [ -44.527898758999982, -22.997155016999955, 0.0 ], [ -44.526079333999974, -22.995871552999972, 0.0 ], [ -44.525546272999975, -22.994480618999944, 0.0 ], [ -44.526749778999942, -22.991414524999982, 0.0 ], [ -44.528057993999937, -22.991811662999964, 0.0 ], [ -44.534371261999979, -22.990148441999963, 0.0 ], [ -44.53232117999994, -22.986619435999955, 0.0 ], [ -44.532525241999963, -22.985496283999964, 0.0 ], [ -44.536001069999941, -22.984698347999938, 0.0 ], [ -44.534394178999946, -22.980063493999978, 0.0 ], [ -44.536641682999971, -22.980021173999944, 0.0 ], [ -44.539705425999955, -22.982813556999929, 0.0 ], [ -44.540727533999984, -22.979353474999982, 0.0 ], [ -44.542530419999935, -22.979151311999942, 0.0 ], [ -44.545830914999954, -22.97229582999995, 0.0 ], [ -44.545803476999936, -22.971001055999977, 0.0 ], [ -44.546672821999948, -22.971004582999967, 0.0 ], [ -44.549131059999979, -22.96849790899995, 0.0 ], [ -44.547768794999968, -22.968141134999939, 0.0 ], [ -44.549112297999955, -22.965598034999971, 0.0 ], [ -44.547520156999951, -22.965275166999959, 0.0 ], [ -44.547472643999981, -22.962664978999953, 0.0 ], [ -44.54462807699997, -22.960500446999959, 0.0 ], [ -44.544463949999965, -22.958447962999969, 0.0 ], [ -44.543215393999958, -22.957657444999938, 0.0 ], [ -44.543177624999942, -22.956364581999935, 0.0 ], [ -44.549729399999933, -22.960946097999965, 0.0 ], [ -44.551808852999955, -22.961066393999943, 0.0 ], [ -44.549443081999982, -22.958620699999983, 0.0 ], [ -44.549306480999974, -22.956102514999941, 0.0 ], [ -44.54507396799994, -22.952581519999967, 0.0 ], [ -44.545909256999948, -22.95195472499995, 0.0 ], [ -44.545465622999984, -22.951523812999937, 0.0 ], [ -44.548226280999984, -22.950758266999969, 0.0 ], [ -44.545896490999951, -22.948888242999942, 0.0 ], [ -44.547787751999977, -22.948907194999947, 0.0 ], [ -44.547141613999941, -22.947120613999971, 0.0 ], [ -44.543036318999953, -22.942809097999941, 0.0 ], [ -44.543401185999983, -22.940518486999963, 0.0 ], [ -44.542771268999957, -22.939927484999941, 0.0 ], [ -44.54338198399995, -22.940075780999962, 0.0 ], [ -44.544233712999983, -22.941669528999967, 0.0 ], [ -44.546160602999976, -22.941319264999947, 0.0 ], [ -44.550223279999955, -22.94433554699998, 0.0 ], [ -44.551576823999937, -22.943787603999965, 0.0 ], [ -44.552598538999973, -22.945617168999945, 0.0 ], [ -44.555161804999955, -22.94699281499993, 0.0 ], [ -44.555513241999961, -22.948068854999974, 0.0 ], [ -44.556444293999959, -22.948026664999929, 0.0 ], [ -44.556445579999945, -22.949164304999954, 0.0 ], [ -44.55944104799994, -22.950247804999947, 0.0 ], [ -44.561643205999985, -22.949576405999949, 0.0 ], [ -44.562499865999939, -22.948328666999942, 0.0 ], [ -44.56384873199994, -22.949061631999939, 0.0 ], [ -44.565220711999984, -22.946762179999951, 0.0 ], [ -44.567044390999968, -22.947204837999948, 0.0 ], [ -44.576810697999974, -22.956307420999963, 0.0 ], [ -44.574222255999985, -22.957620428999974, 0.0 ], [ -44.572898846999976, -22.95734036999994, 0.0 ], [ -44.572075181999935, -22.953273525999975, 0.0 ], [ -44.570491693999941, -22.95298698299996, 0.0 ], [ -44.56951257999998, -22.953920442999959, 0.0 ], [ -44.569605281999941, -22.955682191999983, 0.0 ], [ -44.567295509999951, -22.958172002999959, 0.0 ], [ -44.56764142399993, -22.960926454999935, 0.0 ], [ -44.563825551999969, -22.961357390999979, 0.0 ], [ -44.563459515999966, -22.963528432999965, 0.0 ], [ -44.564624026999979, -22.965355729999942, 0.0 ], [ -44.566750672999945, -22.966828472999964, 0.0 ], [ -44.570148772999971, -22.967762080999933, 0.0 ], [ -44.570865492999985, -22.96923202499994, 0.0 ], [ -44.56797209399997, -22.968838797999979, 0.0 ], [ -44.566445581999972, -22.970525402999954, 0.0 ], [ -44.566883256999972, -22.968953747999933, 0.0 ], [ -44.562689440999975, -22.967175340999972, 0.0 ], [ -44.561468243999968, -22.967940214999942, 0.0 ], [ -44.564318197999967, -22.971351122999977, 0.0 ], [ -44.566092800999968, -22.972096755999928, 0.0 ], [ -44.565470164999965, -22.972289202999946, 0.0 ], [ -44.565774055999952, -22.973473379999973, 0.0 ], [ -44.563575664999973, -22.974716222999973, 0.0 ], [ -44.563899289999938, -22.975891431999969, 0.0 ], [ -44.560911316999977, -22.974688630999935, 0.0 ], [ -44.561475064999968, -22.982008715999939, 0.0 ], [ -44.558085256999959, -22.982635469999934, 0.0 ], [ -44.555222775999937, -22.981389812999964, 0.0 ], [ -44.553708619999952, -22.983039864999967, 0.0 ], [ -44.551442928999961, -22.983629438999969, 0.0 ], [ -44.551053395999929, -22.984776626999974, 0.0 ], [ -44.552081899999962, -22.986756766999974, 0.0 ], [ -44.552528695999968, -22.991217463999931, 0.0 ], [ -44.556965433999949, -22.989594774999944, 0.0 ], [ -44.557223874999977, -22.987696784999969, 0.0 ], [ -44.558712635999939, -22.988289834999932, 0.0 ], [ -44.559965381999973, -22.987624142999948, 0.0 ], [ -44.561231068999973, -22.98846360999994, 0.0 ], [ -44.563325516999953, -22.983768829999974, 0.0 ], [ -44.565415778999977, -22.984658879999927, 0.0 ], [ -44.567120120999959, -22.984430015999976, 0.0 ], [ -44.565978205999954, -22.991846313999929, 0.0 ], [ -44.568371785999943, -22.989862161999952, 0.0 ], [ -44.571736444999942, -22.989679785999954, 0.0 ], [ -44.57202258999996, -22.986290972999939, 0.0 ], [ -44.572576909999952, -22.985437070999978, 0.0 ], [ -44.573727074999965, -22.985432093999975, 0.0 ], [ -44.573682480999935, -22.987535599999944, 0.0 ], [ -44.574986601999967, -22.988860338999928, 0.0 ], [ -44.575874608999982, -22.988539786999979, 0.0 ], [ -44.577788070999929, -22.99150975799995, 0.0 ], [ -44.582453674999954, -22.992032972999937, 0.0 ], [ -44.58316760799994, -22.995931233999954, 0.0 ], [ -44.579404345999933, -22.996878010999978, 0.0 ], [ -44.58122577499995, -23.000225836999959, 0.0 ], [ -44.584647880999967, -23.000928920999968, 0.0 ], [ -44.58568478799998, -22.999746847999972, 0.0 ], [ -44.58849228899993, -23.00098264899998, 0.0 ], [ -44.590503308999985, -23.002060932999939, 0.0 ], [ -44.591247402999954, -23.003483058999961, 0.0 ], [ -44.59317305299993, -23.003362734999939, 0.0 ], [ -44.592510593999975, -23.004618437999966, 0.0 ], [ -44.59486134399998, -23.00705198299994, 0.0 ], [ -44.596856043999935, -23.006816028999935, 0.0 ], [ -44.600145729999952, -23.008813693999969, 0.0 ], [ -44.603320065999981, -23.009124199999974, 0.0 ], [ -44.607096637999973, -23.007638530999941, 0.0 ], [ -44.609073171999967, -23.007875306999949, 0.0 ], [ -44.605458153999962, -23.009047625999983, 0.0 ], [ -44.604136180999944, -23.011435951999943, 0.0 ], [ -44.598892078999938, -23.009974826999951, 0.0 ], [ -44.598135387999946, -23.010674974999972, 0.0 ], [ -44.598321216999977, -23.01175001799993, 0.0 ], [ -44.593719633999967, -23.012674097999934, 0.0 ], [ -44.593624538999961, -23.01156229999998, 0.0 ], [ -44.592253833999962, -23.012229342999944, 0.0 ], [ -44.590987350999967, -23.010008073999927, 0.0 ], [ -44.589229898999974, -23.012094418999936, 0.0 ], [ -44.587550069999963, -23.009684211999968, 0.0 ], [ -44.586910982999939, -23.00685423699997, 0.0 ], [ -44.585153951999985, -23.007372579999981, 0.0 ], [ -44.583086980999951, -23.012742045999971, 0.0 ], [ -44.581824255999948, -23.012967709999941, 0.0 ], [ -44.579886379999948, -23.011345398999936, 0.0 ], [ -44.580481655999961, -23.009259795999981, 0.0 ], [ -44.577837269999975, -23.00783041699998, 0.0 ], [ -44.576730687999941, -23.00602183899997, 0.0 ], [ -44.576717385999984, -23.003419200999929, 0.0 ], [ -44.573606441999971, -23.002392192999935, 0.0 ], [ -44.571500584999967, -23.003387051999937, 0.0 ], [ -44.569360437999933, -23.00565463099997, 0.0 ], [ -44.569321976999959, -23.007027554999979, 0.0 ], [ -44.568086154999946, -23.007318428999952, 0.0 ], [ -44.568109749999962, -23.008587620999947, 0.0 ], [ -44.565529399999946, -23.008723982999982, 0.0 ], [ -44.563156943999957, -23.009900757999958, 0.0 ], [ -44.562483596999982, -23.013471895999942, 0.0 ], [ -44.563871708999955, -23.01394608399994, 0.0 ], [ -44.565604067999971, -23.017240041999969, 0.0 ], [ -44.56325740099993, -23.019568460999949, 0.0 ], [ -44.564476291999938, -23.021099105999951, 0.0 ], [ -44.565881981999951, -23.021227833999944, 0.0 ], [ -44.56489423499994, -23.023682325999971, 0.0 ], [ -44.56577927799998, -23.026133829999935, 0.0 ], [ -44.566449435999971, -23.026011947999962, 0.0 ], [ -44.566418992999957, -23.024276353999937, 0.0 ], [ -44.569045440999957, -23.025883476999979, 0.0 ], [ -44.569590243999983, -23.023264876999974, 0.0 ], [ -44.57075711899995, -23.023418954999954, 0.0 ], [ -44.573025935999965, -23.022160138999936, 0.0 ], [ -44.571986743999958, -23.02375423899997, 0.0 ], [ -44.571946416999936, -23.026913839999963, 0.0 ], [ -44.569454359999952, -23.027695057999949, 0.0 ], [ -44.570880011999975, -23.032347207999976, 0.0 ], [ -44.57336235799994, -23.032648087999974, 0.0 ], [ -44.575274442999955, -23.03197212699996, 0.0 ], [ -44.575865107999959, -23.032748373999937, 0.0 ], [ -44.572783357999981, -23.034371647999933, 0.0 ], [ -44.57301204099997, -23.03555419099996, 0.0 ], [ -44.578373714999941, -23.036306812999953, 0.0 ], [ -44.580933095999967, -23.034271206999961, 0.0 ], [ -44.582516152999972, -23.034489109999981, 0.0 ], [ -44.582033029999934, -23.033133353999972, 0.0 ], [ -44.583017409999968, -23.03217200499995, 0.0 ], [ -44.584500143999946, -23.033720517999939, 0.0 ], [ -44.587476096999978, -23.034163002999946, 0.0 ], [ -44.588091596999959, -23.037584158999948, 0.0 ], [ -44.585868450999953, -23.041698260999965, 0.0 ], [ -44.584636484999976, -23.042427968999959, 0.0 ], [ -44.584946253999931, -23.043494350999936, 0.0 ], [ -44.587929549999956, -23.043246736999947, 0.0 ], [ -44.587717236999936, -23.041895190999981, 0.0 ], [ -44.590420648999952, -23.036906064999982, 0.0 ], [ -44.589786370999946, -23.036252238999964, 0.0 ], [ -44.592128513999967, -23.033575221999968, 0.0 ], [ -44.593686437999963, -23.033781393999959, 0.0 ], [ -44.596645484999954, -23.03262577199996, 0.0 ], [ -44.596126979999951, -23.034654048999982, 0.0 ], [ -44.59844818199997, -23.03413795299997, 0.0 ], [ -44.599657881999974, -23.034686988999965, 0.0 ], [ -44.601561471999958, -23.033902639999951, 0.0 ], [ -44.600283042999934, -23.032925712999941, 0.0 ], [ -44.600570456999947, -23.031607942999983, 0.0 ], [ -44.601742611999953, -23.032477223999933, 0.0 ], [ -44.603751536999937, -23.031799894999949, 0.0 ], [ -44.604648982999947, -23.033748346999971, 0.0 ], [ -44.606318653999949, -23.034838262999983, 0.0 ], [ -44.60685510299993, -23.033253807999927, 0.0 ], [ -44.608160543999929, -23.035815942999932, 0.0 ], [ -44.60930682999998, -23.036299952999968, 0.0 ], [ -44.609150849999935, -23.04060742799993, 0.0 ], [ -44.610468323999953, -23.04010333399998, 0.0 ], [ -44.610667413999977, -23.038651773999959, 0.0 ], [ -44.612034191999953, -23.037292156999968, 0.0 ], [ -44.611010646999944, -23.035307673999966, 0.0 ], [ -44.614580066999963, -23.035238137999954, 0.0 ], [ -44.613843637999935, -23.034433166999975, 0.0 ], [ -44.61114188199997, -23.034406604999958, 0.0 ], [ -44.609534021999934, -23.033409896999956, 0.0 ], [ -44.610469394999939, -23.032053707999978, 0.0 ], [ -44.609799842999962, -23.031269063999957, 0.0 ], [ -44.608436974999961, -23.031636982999942, 0.0 ], [ -44.608033538999962, -23.029617961999975, 0.0 ], [ -44.60635788999997, -23.030624271999955, 0.0 ], [ -44.606083919999946, -23.029378227999928, 0.0 ], [ -44.605128241999978, -23.030335440999977, 0.0 ], [ -44.603846008999938, -23.02838836799998, 0.0 ], [ -44.60155980199994, -23.028125956999929, 0.0 ], [ -44.603204690999974, -23.027110044999972, 0.0 ], [ -44.602498412999978, -23.026361717999976, 0.0 ], [ -44.603350790999968, -23.02596992499997, 0.0 ], [ -44.603078120999953, -23.024915555999939, 0.0 ], [ -44.604831944999944, -23.024049823999974, 0.0 ], [ -44.604689100999963, -23.022933352999928, 0.0 ], [ -44.60297367499993, -23.021725745999959, 0.0 ], [ -44.603765515999953, -23.021316942999931, 0.0 ], [ -44.602602647999959, -23.020853302999967, 0.0 ], [ -44.603035100999932, -23.020175121999955, 0.0 ], [ -44.601898142999971, -23.019266816999959, 0.0 ], [ -44.603800501999956, -23.01913591899995, 0.0 ], [ -44.604415188999951, -23.01755918899994, 0.0 ], [ -44.608214446999966, -23.019434678999971, 0.0 ], [ -44.608687165999982, -23.018701414999953, 0.0 ], [ -44.608053767999934, -23.017761470999972, 0.0 ], [ -44.609348331999968, -23.017068177999931, 0.0 ], [ -44.616106237999929, -23.018824882999979, 0.0 ], [ -44.616193532999944, -23.017807774999937, 0.0 ], [ -44.618072114999961, -23.017326760999936, 0.0 ], [ -44.619187216999933, -23.018624820999946, 0.0 ], [ -44.62211988699994, -23.018639472999951, 0.0 ], [ -44.62450655899994, -23.017166429999975, 0.0 ], [ -44.631872735999934, -23.019238463999955, 0.0 ], [ -44.631311233999952, -23.021188653999957, 0.0 ], [ -44.625616179999952, -23.023154921999947, 0.0 ], [ -44.629657289999955, -23.024235695999948, 0.0 ], [ -44.632758648999982, -23.030227754999942, 0.0 ], [ -44.637430693999931, -23.031981257999973, 0.0 ], [ -44.639968043999943, -23.032077646999937, 0.0 ], [ -44.641774488999943, -23.031479163999961, 0.0 ], [ -44.642789410999967, -23.029582732999927, 0.0 ], [ -44.644955351999954, -23.029092709999929, 0.0 ], [ -44.652647144999946, -23.035566941999946, 0.0 ], [ -44.656373455999983, -23.035121364999952, 0.0 ], [ -44.654655189999971, -23.03121893499997, 0.0 ], [ -44.65792941199993, -23.030927559999952, 0.0 ], [ -44.658676614999933, -23.029823035999982, 0.0 ], [ -44.664367544999948, -23.032317714999976, 0.0 ], [ -44.666124232999948, -23.037866829999928, 0.0 ], [ -44.664631295999982, -23.038779683999962, 0.0 ], [ -44.664319804999934, -23.041483518999939, 0.0 ], [ -44.670880257999954, -23.043241283999976, 0.0 ], [ -44.670846328999971, -23.042457971999966, 0.0 ], [ -44.671992170999943, -23.042215170999953, 0.0 ], [ -44.67415372399995, -23.045048350999934, 0.0 ], [ -44.67750564399995, -23.042225188999964, 0.0 ], [ -44.679158644999973, -23.039442146999932, 0.0 ], [ -44.679089932999943, -23.038097410999967, 0.0 ], [ -44.683675765999965, -23.03948055799998, 0.0 ], [ -44.687333430999956, -23.038241594999931, 0.0 ], [ -44.68489894399994, -23.031937365999966, 0.0 ], [ -44.68271955299997, -23.031003816999942, 0.0 ], [ -44.68272133499994, -23.028970691999973, 0.0 ], [ -44.681249491999949, -23.02720704099994, 0.0 ], [ -44.68314741699993, -23.023551552999947, 0.0 ], [ -44.682186617999946, -23.020024904999957, 0.0 ], [ -44.680929134999985, -23.018391227999928, 0.0 ], [ -44.683515170999954, -23.018768266999928, 0.0 ], [ -44.684989065999957, -23.020366374999981, 0.0 ], [ -44.686640179999984, -23.02023924699995, 0.0 ], [ -44.688632475999952, -23.024463061999938, 0.0 ], [ -44.691910327999949, -23.025398969999969, 0.0 ], [ -44.691173278999941, -23.02637357499998, 0.0 ], [ -44.69137483399993, -23.027840700999946, 0.0 ], [ -44.693088997999951, -23.029341433999946, 0.0 ], [ -44.693600193999941, -23.031796769999971, 0.0 ], [ -44.694459884999958, -23.032477646999951, 0.0 ], [ -44.699919429999966, -23.032208938999929, 0.0 ], [ -44.70072087799997, -23.031157198999949, 0.0 ], [ -44.703204356999947, -23.030637075999948, 0.0 ], [ -44.700893565999934, -23.033967836999977, 0.0 ], [ -44.700872852999964, -23.036843077999947, 0.0 ], [ -44.699181862999978, -23.036604796999939, 0.0 ], [ -44.699711100999934, -23.038269766999974, 0.0 ], [ -44.702834405999965, -23.040629087999946, 0.0 ], [ -44.704214810999986, -23.039820229999975, 0.0 ], [ -44.704269762999957, -23.038563589999967, 0.0 ], [ -44.706181848999961, -23.037989426999957, 0.0 ], [ -44.70535856999993, -23.040202540999928, 0.0 ], [ -44.707027946999972, -23.04099612899995, 0.0 ], [ -44.708001340999942, -23.040168660999939, 0.0 ], [ -44.709487812999953, -23.04218917999998, 0.0 ], [ -44.711296125999979, -23.042712484999981, 0.0 ], [ -44.711493890999975, -23.044334714999934, 0.0 ], [ -44.712659880999979, -23.04448913899995, 0.0 ], [ -44.707266018999974, -23.04703554799994, 0.0 ], [ -44.705444959999966, -23.04878578499995, 0.0 ], [ -44.703661292999982, -23.04799546199996, 0.0 ], [ -44.698452639999971, -23.04817909999997, 0.0 ], [ -44.694668899999954, -23.050320084999953, 0.0 ], [ -44.69318089099994, -23.052419506999968, 0.0 ], [ -44.687781226999959, -23.053302401999929, 0.0 ], [ -44.690042622999954, -23.054954134999946, 0.0 ], [ -44.691919823999967, -23.05480670399993, 0.0 ], [ -44.69212321699996, -23.053841739999939, 0.0 ], [ -44.69349165999995, -23.053216818999942, 0.0 ], [ -44.696876930999963, -23.055039507999936, 0.0 ], [ -44.702303939999979, -23.055684400999951, 0.0 ], [ -44.703068354999971, -23.053672467999945, 0.0 ], [ -44.704791528999976, -23.056240880999951, 0.0 ], [ -44.706416805999936, -23.056757152999978, 0.0 ], [ -44.70670851899996, -23.055730083999947, 0.0 ], [ -44.707868020999967, -23.056857392999973, 0.0 ], [ -44.708974006999938, -23.056809305999934, 0.0 ], [ -44.709343909999973, -23.058097429999975, 0.0 ], [ -44.71058364199996, -23.058767030999945, 0.0 ], [ -44.70461105399994, -23.062682078999956, 0.0 ], [ -44.701885621999963, -23.062557487999982, 0.0 ], [ -44.695517418999941, -23.064559257999974, 0.0 ], [ -44.698942206999959, -23.065196657999934, 0.0 ], [ -44.700610641999958, -23.064299974999983, 0.0 ], [ -44.706005328999936, -23.063622433999967, 0.0 ], [ -44.708611301999952, -23.061758288999954, 0.0 ], [ -44.713391144999946, -23.064211554999929, 0.0 ], [ -44.710462826999958, -23.065183186999946, 0.0 ], [ -44.714650936999931, -23.065654139999936, 0.0 ], [ -44.717886329999942, -23.06442617099998, 0.0 ], [ -44.716878347999966, -23.062262311999973, 0.0 ], [ -44.720049492999976, -23.062062678999951, 0.0 ], [ -44.721200369999963, -23.063509805999956, 0.0 ], [ -44.722000669999943, -23.062444436999954, 0.0 ], [ -44.72675103399996, -23.06369067299994, 0.0 ], [ -44.72948714599994, -23.062791570999934, 0.0 ], [ -44.734148123999944, -23.063656510999976, 0.0 ], [ -44.72990357599997, -23.063719431999971, 0.0 ], [ -44.727978248999932, -23.064765077999937, 0.0 ], [ -44.732172107999929, -23.06636773799994, 0.0 ], [ -44.731498459999955, -23.067076866999969, 0.0 ], [ -44.731834966999941, -23.067924507999976, 0.0 ], [ -44.728228163999972, -23.070516331999954, 0.0 ], [ -44.728672859999961, -23.073034204999942, 0.0 ], [ -44.727879833999964, -23.074535800999968, 0.0 ], [ -44.725336658999936, -23.073594087999936, 0.0 ], [ -44.724339329999964, -23.075195009999959, 0.0 ], [ -44.718503088999967, -23.078102913999942, 0.0 ], [ -44.711172206999947, -23.079106918999969, 0.0 ], [ -44.710745707999934, -23.079855853999959, 0.0 ], [ -44.712220735999949, -23.082496769999977, 0.0 ], [ -44.713392161999934, -23.081927608999933, 0.0 ], [ -44.714590539999961, -23.083739043999969, 0.0 ], [ -44.717778639999949, -23.082362635999971, 0.0 ], [ -44.719743585999936, -23.082767591999982, 0.0 ], [ -44.72152674199998, -23.080727146999948, 0.0 ], [ -44.723654506999935, -23.080246798999951, 0.0 ], [ -44.725043405999941, -23.078818873999978, 0.0 ], [ -44.727906142999984, -23.078482218999966, 0.0 ], [ -44.72868084299995, -23.075328394999929, 0.0 ], [ -44.731391422999934, -23.074408026999947, 0.0 ], [ -44.731809831999954, -23.072502639999982, 0.0 ], [ -44.737596590999942, -23.07081076299994, 0.0 ], [ -44.73950757199998, -23.071209572999976, 0.0 ], [ -44.740731184999959, -23.072642089999931, 0.0 ], [ -44.738053440999977, -23.07362120199997, 0.0 ], [ -44.735758152999949, -23.077766867999969, 0.0 ], [ -44.738187684999957, -23.08109454099997, 0.0 ], [ -44.740878413999951, -23.081466451999972, 0.0 ], [ -44.740999770999963, -23.083243082999957, 0.0 ], [ -44.746547602999954, -23.085623013999964, 0.0 ], [ -44.750000059999934, -23.086248681999962, 0.0 ], [ -44.751117472999965, -23.087848107999946, 0.0 ], [ -44.756208111999968, -23.090036466999948, 0.0 ], [ -44.762323680999941, -23.088737262999928, 0.0 ], [ -44.760390389999941, -23.090185773999963, 0.0 ], [ -44.75614633999993, -23.091229947999977, 0.0 ], [ -44.752831063999963, -23.093642733999957, 0.0 ], [ -44.750903505999986, -23.093731788999946, 0.0 ], [ -44.751267110999947, -23.095184028999938, 0.0 ], [ -44.75394655599996, -23.096350366999957, 0.0 ], [ -44.752204061999976, -23.096662487999936, 0.0 ], [ -44.751885146999939, -23.097650642999952, 0.0 ], [ -44.743178666999938, -23.09614641099995, 0.0 ], [ -44.739983838999933, -23.099646723999967, 0.0 ], [ -44.734901461999982, -23.099668811999948, 0.0 ], [ -44.733358487999965, -23.100748353999961, 0.0 ], [ -44.736210660999973, -23.102209243999937, 0.0 ], [ -44.739396841999962, -23.105409474999931, 0.0 ], [ -44.743073268999979, -23.103852376999953, 0.0 ], [ -44.746640117999959, -23.106369796999957, 0.0 ], [ -44.74544098399997, -23.10750132499993, 0.0 ], [ -44.746736299999952, -23.109638682999957, 0.0 ], [ -44.749681294999959, -23.110090013999979, 0.0 ], [ -44.751921064999976, -23.113608536999948, 0.0 ], [ -44.755297557999938, -23.113505643999929, 0.0 ], [ -44.757986450999965, -23.116040457999929, 0.0 ], [ -44.761977000999934, -23.117470739999931, 0.0 ], [ -44.765486175999968, -23.116572893999944, 0.0 ], [ -44.766214964999961, -23.117922868999983, 0.0 ], [ -44.768176727999958, -23.118784048999942, 0.0 ], [ -44.767456994999975, -23.119634590999965, 0.0 ], [ -44.769636766999952, -23.120330856999942, 0.0 ], [ -44.768508521999934, -23.12082737999998, 0.0 ], [ -44.771588778999956, -23.12091077599996, 0.0 ], [ -44.761377191999941, -23.122599259999959, 0.0 ], [ -44.761231649999957, -23.125213369999983, 0.0 ], [ -44.760391862999938, -23.124415544999977, 0.0 ], [ -44.760071778999929, -23.125068664999958, 0.0 ], [ -44.757839923999938, -23.124316978999957, 0.0 ], [ -44.756766423999977, -23.124439209999935, 0.0 ], [ -44.756621081999981, -23.125197911999976, 0.0 ], [ -44.751824825999961, -23.123156179999967, 0.0 ], [ -44.748183354999981, -23.124587553999959, 0.0 ], [ -44.747605710999949, -23.126459709999949, 0.0 ], [ -44.746143290999953, -23.12558452299993, 0.0 ], [ -44.745163031999937, -23.127156229999969, 0.0 ], [ -44.743952491999949, -23.126377455999943, 0.0 ], [ -44.741882410999949, -23.128136558999927, 0.0 ], [ -44.73749444799995, -23.126600478999933, 0.0 ], [ -44.730011262999938, -23.127110776999928, 0.0 ], [ -44.730673659999979, -23.127843953999957, 0.0 ], [ -44.737349707999954, -23.128780468999935, 0.0 ], [ -44.738650455999959, -23.129625388999955, 0.0 ], [ -44.739387860999955, -23.131296388999942, 0.0 ], [ -44.739072656999952, -23.132911686999932, 0.0 ], [ -44.737885118999941, -23.132790439999951, 0.0 ], [ -44.736477333999972, -23.133959799999957, 0.0 ], [ -44.736658396999985, -23.135761840999976, 0.0 ], [ -44.739836854999965, -23.135642213999972, 0.0 ], [ -44.742641756999944, -23.136804885999936, 0.0 ], [ -44.744311034999953, -23.135904462999974, 0.0 ], [ -44.749999874999958, -23.137654639999937, 0.0 ], [ -44.752027726999984, -23.141187081999931, 0.0 ], [ -44.74951034999998, -23.140299976999927, 0.0 ], [ -44.748179604999962, -23.141150839999966, 0.0 ], [ -44.748270372999968, -23.14213101699994, 0.0 ], [ -44.746920323999973, -23.142099771999938, 0.0 ], [ -44.746953222999934, -23.143165801999942, 0.0 ], [ -44.746133258999976, -23.142713843999957, 0.0 ], [ -44.74547365199993, -23.145198644999937, 0.0 ], [ -44.742110201999935, -23.145870629999933, 0.0 ], [ -44.741145485999937, -23.147645123999951, 0.0 ], [ -44.738190415999952, -23.147213100999977, 0.0 ], [ -44.737963681999986, -23.148831370999972, 0.0 ], [ -44.740357793999976, -23.154109643999959, 0.0 ], [ -44.743558487999962, -23.15711388699998, 0.0 ], [ -44.747395086999973, -23.158147199999974, 0.0 ], [ -44.748544940999977, -23.159924097999976, 0.0 ], [ -44.747788319999984, -23.159927385999936, 0.0 ], [ -44.747796604999962, -23.160629904999951, 0.0 ], [ -44.749834264999947, -23.162876974999961, 0.0 ], [ -44.757475158999966, -23.166196746999958, 0.0 ], [ -44.753688759999932, -23.166521025999941, 0.0 ], [ -44.753330306999942, -23.167461341999967, 0.0 ], [ -44.751509202999955, -23.16638820999998, 0.0 ], [ -44.751134947999958, -23.165154560999952, 0.0 ], [ -44.747264521999966, -23.166091641999969, 0.0 ], [ -44.744877194999958, -23.163841636999962, 0.0 ], [ -44.742995426999983, -23.165926543999944, 0.0 ], [ -44.741630141999963, -23.166164910999953, 0.0 ], [ -44.73935378699997, -23.164499384999942, 0.0 ], [ -44.733285008999985, -23.164607604999958, 0.0 ], [ -44.732487164999952, -23.163503129999981, 0.0 ], [ -44.728371031999984, -23.16238326399997, 0.0 ], [ -44.727732627999956, -23.160721777999981, 0.0 ], [ -44.72862400799994, -23.16007697799995, 0.0 ], [ -44.72538091399997, -23.157372657999929, 0.0 ], [ -44.72285973399994, -23.158292160999963, 0.0 ], [ -44.724424490999979, -23.160392073999958, 0.0 ], [ -44.725681788999964, -23.165209220999941, 0.0 ], [ -44.727254128999959, -23.165672263999966, 0.0 ], [ -44.727693484999975, -23.167184418999966, 0.0 ], [ -44.729896607999933, -23.167444253999975, 0.0 ], [ -44.730231432999972, -23.170124745999942, 0.0 ], [ -44.73386005499998, -23.172420778999935, 0.0 ], [ -44.733456857999954, -23.174055381999949, 0.0 ], [ -44.735174380999979, -23.173516977999952, 0.0 ], [ -44.737071230999959, -23.170179034999933, 0.0 ], [ -44.738120180999942, -23.170559730999969, 0.0 ], [ -44.738677235999944, -23.169911385999967, 0.0 ], [ -44.743183293999948, -23.171340155999928, 0.0 ], [ -44.743611303999955, -23.173482770999954, 0.0 ], [ -44.745089526999948, -23.172031008999966, 0.0 ], [ -44.745673040999975, -23.173303734999934, 0.0 ], [ -44.74894328299996, -23.175028801999929, 0.0 ], [ -44.748989887999983, -23.176439838999954, 0.0 ], [ -44.746533171999943, -23.177538287999937, 0.0 ], [ -44.746625450999943, -23.179194019999954, 0.0 ], [ -44.745769571999972, -23.179073421999931, 0.0 ], [ -44.745047261999957, -23.181033141999933, 0.0 ], [ -44.743700986999954, -23.181193959999973, 0.0 ], [ -44.743047259999969, -23.183976702999928, 0.0 ], [ -44.741419107999945, -23.184683428999961, 0.0 ], [ -44.744657654999969, -23.186714034999966, 0.0 ], [ -44.745960502999935, -23.186108229999945, 0.0 ], [ -44.747030323999979, -23.187340907999953, 0.0 ], [ -44.749914151999974, -23.187437591999981, 0.0 ], [ -44.75212500799995, -23.189450941999951, 0.0 ], [ -44.753176030999953, -23.189311777999933, 0.0 ], [ -44.753671424999936, -23.188172823999935, 0.0 ], [ -44.754816165999955, -23.19111245199997, 0.0 ], [ -44.757214150999971, -23.19286423899996, 0.0 ], [ -44.75800023599993, -23.190977097999962, 0.0 ], [ -44.75739079799996, -23.18743425699995, 0.0 ], [ -44.759257498999943, -23.186227747999965, 0.0 ], [ -44.757504271999949, -23.184767835999935, 0.0 ], [ -44.758483116999969, -23.184132771999941, 0.0 ], [ -44.759040905999939, -23.182265110999936, 0.0 ], [ -44.761966862999941, -23.182932096999934, 0.0 ], [ -44.765581632999954, -23.185202413999946, 0.0 ], [ -44.766513320999934, -23.186137532999965, 0.0 ], [ -44.766271568999969, -23.188115907999929, 0.0 ], [ -44.769168262999983, -23.189105776999952, 0.0 ], [ -44.769588032999934, -23.187761414999954, 0.0 ], [ -44.771228777999966, -23.186923578999938, 0.0 ], [ -44.770105181999952, -23.183461057999978, 0.0 ], [ -44.770893815999955, -23.182205204999946, 0.0 ], [ -44.773170171999936, -23.183608425999978, 0.0 ], [ -44.774820480999949, -23.18364029199995, 0.0 ], [ -44.776968327999953, -23.182104878999951, 0.0 ], [ -44.77666643799995, -23.181620102999943, 0.0 ], [ -44.780853214999979, -23.181728643999975, 0.0 ], [ -44.781695108999941, -23.179136613999958, 0.0 ], [ -44.782297170999982, -23.182186016999935, 0.0 ], [ -44.785404274999962, -23.180996825999955, 0.0 ], [ -44.784621223999977, -23.182751459999963, 0.0 ], [ -44.782864552999968, -23.18337030999993, 0.0 ], [ -44.784297869999932, -23.185655711999971, 0.0 ], [ -44.784260198999959, -23.188008465999928, 0.0 ], [ -44.780375548999984, -23.188565994999976, 0.0 ], [ -44.780090830999939, -23.192142065999974, 0.0 ], [ -44.779018263999944, -23.192918492999979, 0.0 ], [ -44.775865443999976, -23.192124277999937, 0.0 ], [ -44.776385945999948, -23.194021531999965, 0.0 ], [ -44.775275757999964, -23.195021425999983, 0.0 ], [ -44.775823623999941, -23.195922339999981, 0.0 ], [ -44.784066597999981, -23.194471879999981, 0.0 ], [ -44.786610726999982, -23.19477059999997, 0.0 ], [ -44.787391132999971, -23.195684941999957, 0.0 ], [ -44.790883305999955, -23.195733849999954, 0.0 ], [ -44.791026245999944, -23.196336180999936, 0.0 ], [ -44.789136884999948, -23.197507540999936, 0.0 ], [ -44.789098052999975, -23.198783338999931, 0.0 ], [ -44.792467767999938, -23.200063541999953, 0.0 ], [ -44.793960745999982, -23.198983659999953, 0.0 ], [ -44.795013141999959, -23.196415582999975, 0.0 ], [ -44.798601719999965, -23.194922915999939, 0.0 ], [ -44.798867680999933, -23.193521652999948, 0.0 ], [ -44.800514838999959, -23.194727560999979, 0.0 ], [ -44.801449945999934, -23.19298704299996, 0.0 ], [ -44.803675288999955, -23.192308820999983, 0.0 ], [ -44.804224742999963, -23.190043816999946, 0.0 ], [ -44.805126149999978, -23.189885208999954, 0.0 ], [ -44.805372838999972, -23.194492886999967, 0.0 ], [ -44.803804753999941, -23.195532929999956, 0.0 ], [ -44.803073860999973, -23.197345221999967, 0.0 ], [ -44.804974190999985, -23.199673725999958, 0.0 ], [ -44.810217766999983, -23.20041286999998, 0.0 ], [ -44.807685919999983, -23.203404870999975, 0.0 ], [ -44.808315966999942, -23.205523149999976, 0.0 ], [ -44.810956070999964, -23.206220580999968, 0.0 ], [ -44.810947994999935, -23.207181118999983, 0.0 ], [ -44.815494676999947, -23.207413208999981, 0.0 ], [ -44.821905056999981, -23.209458458999961, 0.0 ], [ -44.822761973999945, -23.208912012999974, 0.0 ], [ -44.822315385999957, -23.207834894999962, 0.0 ], [ -44.823992404999956, -23.207910047999974, 0.0 ], [ -44.824550615999954, -23.210207146999949, 0.0 ], [ -44.820386865999978, -23.211125762999927, 0.0 ], [ -44.816445840999961, -23.209948464999968, 0.0 ], [ -44.81409012599994, -23.210474949999934, 0.0 ], [ -44.814116346999981, -23.211187738999968, 0.0 ], [ -44.81364846799994, -23.210724482999979, 0.0 ], [ -44.812385782999968, -23.211845897999979, 0.0 ], [ -44.809651722999945, -23.211843230999932, 0.0 ], [ -44.808726993999983, -23.212822307999943, 0.0 ], [ -44.806127219999951, -23.21220778299994, 0.0 ], [ -44.800712861999955, -23.216753991999951, 0.0 ], [ -44.803770850999967, -23.219438901999979, 0.0 ], [ -44.806337631999952, -23.220563166999966, 0.0 ], [ -44.809433722999984, -23.22068416999997, 0.0 ], [ -44.810628992999966, -23.221735877999947, 0.0 ], [ -44.828640286999985, -23.256115564999959, 0.0 ], [ -44.827954536999982, -23.256863888999931, 0.0 ], [ -44.791952541999933, -23.257806638999966, 0.0 ], [ -44.791161559999978, -23.256451056999936, 0.0 ], [ -44.782813251999983, -23.252530772999933, 0.0 ], [ -44.781207699999982, -23.253039571999977, 0.0 ], [ -44.781308091999961, -23.25454403699996, 0.0 ], [ -44.786843037999972, -23.257966063999959, 0.0 ], [ -44.786886309999943, -23.258709172999943, 0.0 ], [ -44.775108086999978, -23.266893110999945, 0.0 ], [ -44.734331785999984, -23.268505214999948, 0.0 ], [ -44.730366635999985, -23.270371141999931, 0.0 ], [ -44.729977251999969, -23.277974275999952, 0.0 ], [ -44.757087863999971, -23.321214150999936, 0.0 ], [ -44.73998692999993, -23.348705719999941, 0.0 ], [ -44.733756495999955, -23.343743789999962, 0.0 ], [ -44.729890459999979, -23.349105877999932, 0.0 ], [ -44.728063644999963, -23.34939738099996, 0.0 ], [ -44.726372178999952, -23.351528143999928, 0.0 ], [ -44.723220384999934, -23.352800137999964, 0.0 ], [ -44.721806196999978, -23.35530250599993, 0.0 ], [ -44.719323310999982, -23.353987551999978, 0.0 ], [ -44.71638020499995, -23.355650896999975, 0.0 ], [ -44.715540002999944, -23.358246680999969, 0.0 ], [ -44.718619917999945, -23.36370373699998, 0.0 ], [ -44.726079696999932, -23.369980041999952, 0.0 ], [ -44.728548975999956, -23.370223342999964, 0.0 ], [ -44.732106138999939, -23.369163544999935, 0.0 ], [ -44.735074268999938, -23.369546213999968, 0.0 ], [ -44.735947282999973, -23.367951185999971, 0.0 ], [ -44.741404085999932, -23.36604162499998, 0.0 ], [ -44.74649891599995, -23.367270016999953, 0.0 ], [ -44.748596647999932, -23.366136285999971, 0.0 ], [ -44.75078315899998, -23.366084226999931, 0.0 ], [ -44.752727676999939, -23.367565218999971, 0.0 ], [ -44.756588675999978, -23.368398205999938, 0.0 ], [ -44.759030262999943, -23.370229840999968, 0.0 ], [ -44.761370810999949, -23.370113929999945, 0.0 ], [ -44.766031822999935, -23.372612187999948, 0.0 ], [ -44.76938537999996, -23.372241556999938, 0.0 ], [ -44.779440441999952, -23.375452116999952, 0.0 ], [ -44.782987117999937, -23.377793976999953, 0.0 ], [ -44.785176622999984, -23.37803688799994, 0.0 ], [ -44.784995771999945, -23.376762182999983, 0.0 ], [ -44.782824734999963, -23.374476754999932, 0.0 ], [ -44.782774113999949, -23.373765664999951, 0.0 ], [ -44.784438664999982, -23.373050973999966, 0.0 ], [ -44.783866504999935, -23.371098789999962, 0.0 ], [ -44.782565503999933, -23.370103191999931, 0.0 ], [ -44.779014676999964, -23.371246882999969, 0.0 ], [ -44.777531005999947, -23.370457041999941, 0.0 ], [ -44.775127693999934, -23.36788007499996, 0.0 ], [ -44.77386452099995, -23.364707131999978, 0.0 ], [ -44.769819277999943, -23.363581765999982, 0.0 ], [ -44.767278258999966, -23.359528978999947, 0.0 ], [ -44.763238006999984, -23.356798144999971, 0.0 ], [ -44.764292256999966, -23.356410167999968, 0.0 ], [ -44.768781636999961, -23.35927002699998, 0.0 ], [ -44.769682599999953, -23.359206825999934, 0.0 ], [ -44.770302457999946, -23.358061708999969, 0.0 ], [ -44.771996377999983, -23.35962778499993, 0.0 ], [ -44.780534327999931, -23.361828258999935, 0.0 ], [ -44.781746553999938, -23.361394976999975, 0.0 ], [ -44.782126761999962, -23.358744535999961, 0.0 ], [ -44.783698394999931, -23.356949445999931, 0.0 ], [ -44.783794902999944, -23.358096772999943, 0.0 ], [ -44.785786232999953, -23.359294502999944, 0.0 ], [ -44.786947057999953, -23.358602991999931, 0.0 ], [ -44.788489412999979, -23.358906221999973, 0.0 ], [ -44.788322237999978, -23.359852429999933, 0.0 ], [ -44.789975565999953, -23.360711228999946, 0.0 ], [ -44.788902563999955, -23.36152237999994, 0.0 ], [ -44.789615620999939, -23.362426753999955, 0.0 ], [ -44.795890119999967, -23.364828872999965, 0.0 ], [ -44.800726628999939, -23.363678352999955, 0.0 ], [ -44.80369576399994, -23.365546293999955, 0.0 ], [ -44.808103862999985, -23.364887345999932, 0.0 ], [ -44.812106368999935, -23.365437118999978, 0.0 ], [ -44.813294471999939, -23.363693850999937, 0.0 ], [ -44.813028311999972, -23.361503348999975, 0.0 ], [ -44.809674489999963, -23.360701050999978, 0.0 ], [ -44.808285194999939, -23.361923027999978, 0.0 ], [ -44.806790435999972, -23.360874376999959, 0.0 ], [ -44.807946189999939, -23.360044082999934, 0.0 ], [ -44.808721117999937, -23.357601507999959, 0.0 ], [ -44.808190615999933, -23.355684087999975, 0.0 ], [ -44.804561425999964, -23.35567003999995, 0.0 ], [ -44.803107693999948, -23.354953132999981, 0.0 ], [ -44.805618700999958, -23.351341650999927, 0.0 ], [ -44.80563630599994, -23.349917237999932, 0.0 ], [ -44.804022280999959, -23.349107409999931, 0.0 ], [ -44.804960870999935, -23.348036909999962, 0.0 ], [ -44.804098758999942, -23.344969952999975, 0.0 ], [ -44.802030491999972, -23.343323037999937, 0.0 ], [ -44.799597399999982, -23.343348621999951, 0.0 ], [ -44.800681299999951, -23.342030729999976, 0.0 ], [ -44.800435944999947, -23.339939651999941, 0.0 ], [ -44.802713621999942, -23.339952097999969, 0.0 ], [ -44.801602270999979, -23.338865636999969, 0.0 ], [ -44.800178783999968, -23.338825586999974, 0.0 ], [ -44.801604924999936, -23.337078880999968, 0.0 ], [ -44.800505819999955, -23.335250858999927, 0.0 ], [ -44.802621930999976, -23.335951417999979, 0.0 ], [ -44.803619180999931, -23.337176348999947, 0.0 ], [ -44.809584380999979, -23.338019255999939, 0.0 ], [ -44.809820859999945, -23.339171520999969, 0.0 ], [ -44.812142127999948, -23.341306195999948, 0.0 ], [ -44.813167653999983, -23.340910683999937, 0.0 ], [ -44.813319667999963, -23.339558128999954, 0.0 ], [ -44.814717290999965, -23.339593248999961, 0.0 ], [ -44.815777517999948, -23.341046659999961, 0.0 ], [ -44.815960239999981, -23.343685427999958, 0.0 ], [ -44.81859215399993, -23.345922664999932, 0.0 ], [ -44.82277537799996, -23.34409289599995, 0.0 ], [ -44.822618869999985, -23.34110426999996, 0.0 ], [ -44.827968, -23.339805298999977, 0.0 ], [ -44.826589489999947, -23.333018100999936, 0.0 ], [ -44.820078859999967, -23.327533839999944, 0.0 ], [ -44.819646833999968, -23.325483679999934, 0.0 ], [ -44.81784016499995, -23.325658449999935, 0.0 ], [ -44.817583770999931, -23.323894331999952, 0.0 ], [ -44.81530113499997, -23.322423242999946, 0.0 ], [ -44.813927347999936, -23.320265837999955, 0.0 ], [ -44.816882362999934, -23.320541777999949, 0.0 ], [ -44.817706322999982, -23.319806618999962, 0.0 ], [ -44.81901406999998, -23.321084393999968, 0.0 ], [ -44.824000286999933, -23.322022173999983, 0.0 ], [ -44.825079531999961, -23.323944942999958, 0.0 ], [ -44.827616544999955, -23.323331133999943, 0.0 ], [ -44.828308172999982, -23.324847152999951, 0.0 ], [ -44.831147587999965, -23.324957310999935, 0.0 ], [ -44.833692827999982, -23.326045092999948, 0.0 ], [ -44.833690644999933, -23.327799350999953, 0.0 ], [ -44.835506236999947, -23.328793594999979, 0.0 ], [ -44.835032976999969, -23.330599936999931, 0.0 ], [ -44.839482101999977, -23.333481161999941, 0.0 ], [ -44.842365012999949, -23.333742208999979, 0.0 ], [ -44.843436488999942, -23.332882883999957, 0.0 ], [ -44.844994468999971, -23.332960912999965, 0.0 ], [ -44.845457004999957, -23.335841796999944, 0.0 ], [ -44.84823296199994, -23.338261276999958, 0.0 ], [ -44.850308348999931, -23.338616993999949, 0.0 ], [ -44.851706760999946, -23.337944343999936, 0.0 ], [ -44.852446086999976, -23.338771981999969, 0.0 ], [ -44.852123352999968, -23.340387315999976, 0.0 ], [ -44.854118802999949, -23.341929301999983, 0.0 ], [ -44.854913748999934, -23.344009336999932, 0.0 ], [ -44.854378561999965, -23.345827149999934, 0.0 ], [ -44.856333431999985, -23.347654912999928, 0.0 ], [ -44.86028416299996, -23.347911826999962, 0.0 ], [ -44.860934198999985, -23.345106550999958, 0.0 ], [ -44.862858002999985, -23.347015463999981, 0.0 ], [ -44.86439114999996, -23.346232879999945, 0.0 ], [ -44.867422458999954, -23.346479255999952, 0.0 ], [ -44.867555365999976, -23.342965115999959, 0.0 ], [ -44.872590234999961, -23.341183016999935, 0.0 ], [ -44.872040693999963, -23.338774358999956, 0.0 ], [ -44.873077044999945, -23.33703656199998, 0.0 ], [ -44.872833897999953, -23.334495666999942, 0.0 ], [ -44.871100505999948, -23.332332669999971, 0.0 ], [ -44.872544151999932, -23.331645426999955, 0.0 ], [ -44.872427456999958, -23.329609612999946, 0.0 ], [ -44.877099837999936, -23.33051018499998, 0.0 ], [ -44.87796093299994, -23.328393607999942, 0.0 ], [ -44.877170865999972, -23.326476509999964, 0.0 ], [ -44.877732068999933, -23.322218495999948, 0.0 ], [ -44.881618438999965, -23.323811328999966, 0.0 ], [ -44.882554285999959, -23.323147048999942, 0.0 ], [ -44.882330347999982, -23.321904545999928, 0.0 ], [ -44.878832045999957, -23.31895643699994, 0.0 ], [ -44.877794214999938, -23.316221464999956, 0.0 ], [ -44.876095910999936, -23.314689359999932, 0.0 ], [ -44.873746590999986, -23.31425728499994, 0.0 ], [ -44.873393007999937, -23.315992143999949, 0.0 ], [ -44.871271336999939, -23.315627134999943, 0.0 ], [ -44.869504482999957, -23.316572115999975, 0.0 ], [ -44.868372052999973, -23.315510006999943, 0.0 ], [ -44.865670162999947, -23.315713254999935, 0.0 ], [ -44.86527025099997, -23.317089554999939, 0.0 ], [ -44.863658888999964, -23.316744000999961, 0.0 ], [ -44.862995803999979, -23.317326582999954, 0.0 ], [ -44.861154288999955, -23.316325940999945, 0.0 ], [ -44.860954878999962, -23.313977822999959, 0.0 ], [ -44.860107014999983, -23.313087985999971, 0.0 ], [ -44.859180883999954, -23.312809916999981, 0.0 ], [ -44.857356821999986, -23.313969809999946, 0.0 ], [ -44.854776684999933, -23.311687374999963, 0.0 ], [ -44.852407031999974, -23.31103221199993, 0.0 ], [ -44.853723335999973, -23.309446481999942, 0.0 ], [ -44.851555552999969, -23.308803921999981, 0.0 ], [ -44.851639233999947, -23.308015298999976, 0.0 ], [ -44.856558299999961, -23.303771397999981, 0.0 ], [ -44.85662253299995, -23.30178296899993, 0.0 ], [ -44.858676675999959, -23.302138554999942, 0.0 ], [ -44.860292949999973, -23.300574068999936, 0.0 ], [ -44.853825120999943, -23.291128585999957, 0.0 ], [ -44.854880452999964, -23.29141158699997, 0.0 ], [ -44.854043225999931, -23.290424212999937, 0.0 ], [ -44.855637858999955, -23.289651323999976, 0.0 ], [ -44.855395967999982, -23.288432194999928, 0.0 ], [ -44.860254935999933, -23.29138396299993, 0.0 ], [ -44.863805744999979, -23.292476931999943, 0.0 ], [ -44.865178665999963, -23.29087680899994, 0.0 ], [ -44.864797892999945, -23.288743632999967, 0.0 ], [ -44.865486399999952, -23.288462202999938, 0.0 ], [ -44.865622548999966, -23.286858142999961, 0.0 ], [ -44.867072195999981, -23.286075452999967, 0.0 ], [ -44.867712775999962, -23.287146720999942, 0.0 ], [ -44.868795603999956, -23.285770980999928, 0.0 ], [ -44.869752177999942, -23.288626411999928, 0.0 ], [ -44.871931287999985, -23.28799724199996, 0.0 ], [ -44.873043145999929, -23.288710369999933, 0.0 ], [ -44.87283519999994, -23.289723567999943, 0.0 ], [ -44.874473738999939, -23.29166844699995, 0.0 ], [ -44.873444691999964, -23.294188605999977, 0.0 ], [ -44.875202091999938, -23.296374485999934, 0.0 ], [ -44.878796664999982, -23.292853468999965, 0.0 ], [ -44.879299500999934, -23.291873950999957, 0.0 ], [ -44.878705814999932, -23.29031998399995, 0.0 ], [ -44.88106076899993, -23.289781643999959, 0.0 ], [ -44.882850025999971, -23.291121397999973, 0.0 ], [ -44.889136598999983, -23.293205279999938, 0.0 ], [ -44.892578851999986, -23.293222014999969, 0.0 ], [ -44.895839686999977, -23.292296888999942, 0.0 ], [ -44.899662992999936, -23.289267884999958, 0.0 ], [ -44.90196928599994, -23.291443301999948, 0.0 ], [ -44.90132202999996, -23.292006938999975, 0.0 ], [ -44.902438288999974, -23.294044885999938, 0.0 ], [ -44.900042223999947, -23.294210677999956, 0.0 ], [ -44.898426775999951, -23.295399867999947, 0.0 ], [ -44.903494343999967, -23.29780646599994, 0.0 ], [ -44.905942583999945, -23.297119628999951, 0.0 ], [ -44.907105746999946, -23.298845911999933, 0.0 ], [ -44.908984200999953, -23.298952173999965, 0.0 ], [ -44.911056486999939, -23.301746809999941, 0.0 ], [ -44.909747378999953, -23.301454480999951, 0.0 ], [ -44.907192932999976, -23.302967301999956, 0.0 ], [ -44.902737018999971, -23.303103221999947, 0.0 ], [ -44.903015343999982, -23.304666461999943, 0.0 ], [ -44.902088162999974, -23.305780586999958, 0.0 ], [ -44.90427718899997, -23.305939678999948, 0.0 ], [ -44.89831333099994, -23.307128061999947, 0.0 ], [ -44.895493187999932, -23.306605184999967, 0.0 ], [ -44.892571054999962, -23.308088840999972, 0.0 ], [ -44.892315510999936, -23.310512134999954, 0.0 ], [ -44.889225187999955, -23.309959323999976, 0.0 ], [ -44.893601887999978, -23.313417351999931, 0.0 ], [ -44.900977096999952, -23.314778514999944, 0.0 ], [ -44.904736319999984, -23.314177366999957, 0.0 ], [ -44.905195843999934, -23.312085191999927, 0.0 ], [ -44.907828762999941, -23.312266013999931, 0.0 ], [ -44.910151900999949, -23.31134123399994, 0.0 ], [ -44.909501314999943, -23.312911095999937, 0.0 ], [ -44.911513320999973, -23.312894318999952, 0.0 ], [ -44.914069515999984, -23.311698345999957, 0.0 ], [ -44.915434119999929, -23.312386215999936, 0.0 ], [ -44.91742841699994, -23.30960291699995, 0.0 ], [ -44.916646509999964, -23.308198371999936, 0.0 ], [ -44.917140879999977, -23.303823717999933, 0.0 ], [ -44.912523877999945, -23.300975900999958, 0.0 ], [ -44.912828992999948, -23.299320985999941, 0.0 ], [ -44.914517213999943, -23.299525066999934, 0.0 ], [ -44.917183730999966, -23.297301394999977, 0.0 ], [ -44.912505264999936, -23.293826162999949, 0.0 ], [ -44.912843260999978, -23.291316834999975, 0.0 ], [ -44.911524591999978, -23.289982467999948, 0.0 ], [ -44.91352453199994, -23.28808351999993, 0.0 ], [ -44.913733976999936, -23.284263191999969, 0.0 ], [ -44.911321817999976, -23.283622517999959, 0.0 ], [ -44.91132887599997, -23.282732239999973, 0.0 ], [ -44.91039117899993, -23.282492704999981, 0.0 ], [ -44.910256982999954, -23.280058394999969, 0.0 ], [ -44.912016546999951, -23.279587361999972, 0.0 ], [ -44.913026975999969, -23.277358035999953, 0.0 ], [ -44.911678262999942, -23.272746932999951, 0.0 ], [ -44.914025624999965, -23.273274040999979, 0.0 ], [ -44.915073809999967, -23.272569555999951, 0.0 ], [ -44.91309016699995, -23.269678932999966, 0.0 ], [ -44.916228085999933, -23.269740388999935, 0.0 ], [ -44.919021120999957, -23.271163917999957, 0.0 ], [ -44.921196273999954, -23.267591940999978, 0.0 ], [ -44.922515588999943, -23.26759857299993, 0.0 ], [ -44.923686738999947, -23.266583386999969, 0.0 ], [ -44.924416500999939, -23.26841210799995, 0.0 ], [ -44.922764454999935, -23.271176559999958, 0.0 ], [ -44.922925267999972, -23.272695497999962, 0.0 ], [ -44.92418602999993, -23.273401168999953, 0.0 ], [ -44.925090460999968, -23.275229969999941, 0.0 ], [ -44.928182957999979, -23.273409022999942, 0.0 ], [ -44.929403364999985, -23.274665533999951, 0.0 ], [ -44.92954513899997, -23.275639530999968, 0.0 ], [ -44.927610515999959, -23.27712046299996, 0.0 ], [ -44.929852806999975, -23.280946708999977, 0.0 ], [ -44.93336633499996, -23.278008515999943, 0.0 ], [ -44.933804055999985, -23.282227085999978, 0.0 ], [ -44.935796947999961, -23.280638550999981, 0.0 ], [ -44.935370995999961, -23.284076419999963, 0.0 ], [ -44.937143424999931, -23.283682786999975, 0.0 ], [ -44.937472367999931, -23.285666632999948, 0.0 ], [ -44.939574868999955, -23.284866800999964, 0.0 ], [ -44.94291199099996, -23.285824057999946, 0.0 ], [ -44.946001575999958, -23.281610352999962, 0.0 ], [ -44.946907070999941, -23.281646511999952, 0.0 ], [ -44.948524908999957, -23.27941835699994, 0.0 ], [ -44.950025614999959, -23.278958762999935, 0.0 ], [ -44.950444043999937, -23.277314560999969, 0.0 ], [ -44.952096912999934, -23.278097805999948, 0.0 ], [ -44.95418622699998, -23.277429223999945, 0.0 ], [ -44.958188478999944, -23.274154344999943, 0.0 ], [ -44.964178052999955, -23.267047417999947, 0.0 ], [ -44.967969918999984, -23.25999526399994, 0.0 ], [ -44.965678407999974, -23.257102851999946, 0.0 ], [ -44.962897676999944, -23.255344115999947, 0.0 ], [ -44.962347221999948, -23.253551462999951, 0.0 ], [ -44.956742979999945, -23.25130291399995, 0.0 ], [ -44.958184632999973, -23.250597308999943, 0.0 ], [ -44.957232498999986, -23.249252401999968, 0.0 ], [ -44.955176147999964, -23.250903579999942, 0.0 ], [ -44.952531037999961, -23.249879133999968, 0.0 ], [ -44.952607969999974, -23.248641617999965, 0.0 ], [ -44.951525961999948, -23.247377916999937, 0.0 ], [ -44.95002059199993, -23.247434806999934, 0.0 ], [ -44.950254167999958, -23.245305362999943, 0.0 ], [ -44.949226203999956, -23.244886300999951, 0.0 ], [ -44.94928106499998, -23.243445129999941, 0.0 ], [ -44.948078849999945, -23.24221147999998, 0.0 ], [ -44.947131407999962, -23.244283321999944, 0.0 ], [ -44.946394931999976, -23.242626779999966, 0.0 ], [ -44.945199431999981, -23.242349253999976, 0.0 ], [ -44.946239789999936, -23.243779219999965, 0.0 ], [ -44.945451465999952, -23.246297543999958, 0.0 ], [ -44.943325268999956, -23.246540574999983, 0.0 ], [ -44.941005789999963, -23.245163061999961, 0.0 ], [ -44.939531251999938, -23.245721768999942, 0.0 ], [ -44.939066256999979, -23.244466822999982, 0.0 ], [ -44.937855642999978, -23.244796172999941, 0.0 ], [ -44.935704966999936, -23.242711678999967, 0.0 ], [ -44.928249566999966, -23.238926942999967, 0.0 ], [ -44.923893149999969, -23.230218956999977, 0.0 ], [ -44.922411704999945, -23.229465370999947, 0.0 ], [ -44.919982861999983, -23.230195503999937, 0.0 ], [ -44.917351627999949, -23.224404997999955, 0.0 ], [ -44.917182680999986, -23.221595659999934, 0.0 ], [ -44.915802676999931, -23.220117883999933, 0.0 ], [ -44.917030477999958, -23.218616579999946, 0.0 ], [ -44.916414932999942, -23.216678171999945, 0.0 ], [ -44.917715452999971, -23.214889195999945, 0.0 ], [ -44.910639623999941, -23.211507491999953, 0.0 ], [ -44.909163723999939, -23.208704562999969, 0.0 ], [ -44.909847304999971, -23.207304630999943, 0.0 ], [ -44.908937169999945, -23.205330171999947, 0.0 ], [ -44.909376298999973, -23.204064896999967, 0.0 ], [ -44.908281907999935, -23.203123542999947, 0.0 ], [ -44.908459276999963, -23.20084307999997, 0.0 ], [ -44.901226450999957, -23.202501864999931, 0.0 ], [ -44.899753996999948, -23.206190423999942, 0.0 ], [ -44.898448836999933, -23.205261834999931, 0.0 ], [ -44.896388900999966, -23.205833513999949, 0.0 ], [ -44.895961264999983, -23.208663034999972, 0.0 ], [ -44.892610942999966, -23.210799549999933, 0.0 ], [ -44.890626604999966, -23.210582510999927, 0.0 ], [ -44.889226803999975, -23.208096024999975, 0.0 ], [ -44.886933011999986, -23.206833646999939, 0.0 ], [ -44.885193655999956, -23.204070631999969, 0.0 ], [ -44.882587247999936, -23.203567847999977, 0.0 ], [ -44.879436560999977, -23.199557110999933, 0.0 ], [ -44.877497828999935, -23.199447904999943, 0.0 ], [ -44.875754332999975, -23.19784651599997, 0.0 ], [ -44.876296499999967, -23.194918472999973, 0.0 ], [ -44.874504796999986, -23.192163763999929, 0.0 ], [ -44.873916043999941, -23.188969107999981, 0.0 ], [ -44.874396778999937, -23.184737758999972, 0.0 ], [ -44.872222528999941, -23.183391609999944, 0.0 ], [ -44.871752972999957, -23.181976892999955, 0.0 ], [ -44.867624876999969, -23.182395706999955, 0.0 ], [ -44.865555646999951, -23.180835643999956, 0.0 ], [ -44.86009099599994, -23.180861988999936, 0.0 ], [ -44.85830819399996, -23.179633822999961, 0.0 ], [ -44.857078158999968, -23.176998414999957, 0.0 ], [ -44.861788461999936, -23.171204088999957, 0.0 ], [ -44.859417318999931, -23.170205501999931, 0.0 ], [ -44.859020183999974, -23.168781162999949, 0.0 ], [ -44.857333642999947, -23.171871050999982, 0.0 ], [ -44.854879929999981, -23.172482723999963, 0.0 ], [ -44.85095774499996, -23.171899473999929, 0.0 ], [ -44.847511255999962, -23.173952732999965, 0.0 ], [ -44.846416937999948, -23.173031906999938, 0.0 ], [ -44.846597404999955, -23.170526389999964, 0.0 ], [ -44.845044247999965, -23.167895337999937, 0.0 ], [ -44.841680613999984, -23.166836991999958, 0.0 ], [ -44.833866899999975, -23.167396580999934, 0.0 ], [ -44.831309272999931, -23.166013369999973, 0.0 ], [ -44.829348230999983, -23.163436218999948, 0.0 ], [ -44.82538158899996, -23.162541578999935, 0.0 ], [ -44.824263305999978, -23.160626418999982, 0.0 ], [ -44.822574440999972, -23.159586572999956, 0.0 ], [ -44.82209482899998, -23.157277464999936, 0.0 ], [ -44.820755411999983, -23.156671119999942, 0.0 ], [ -44.820033849999959, -23.153502960999958, 0.0 ], [ -44.821449696999935, -23.152954858999976, 0.0 ], [ -44.823343504999968, -23.149662906999936, 0.0 ], [ -44.823117984999953, -23.147025741999983, 0.0 ], [ -44.824129976999984, -23.144756891999975, 0.0 ], [ -44.825637067999935, -23.143739791999963, 0.0 ], [ -44.826021548999961, -23.140174295999941, 0.0 ], [ -44.824934610999946, -23.139662004999934, 0.0 ], [ -44.822767556999963, -23.140873410999973, 0.0 ], [ -44.817933048999976, -23.139581988999964, 0.0 ], [ -44.814541829999939, -23.139907863999952, 0.0 ], [ -44.81556390999998, -23.13883171699996, 0.0 ], [ -44.81572893799995, -23.136268573999928, 0.0 ], [ -44.818827082999974, -23.133762603999969, 0.0 ], [ -44.819467972999973, -23.132270140999935, 0.0 ], [ -44.813665800999956, -23.126925136999944, 0.0 ], [ -44.814804973999969, -23.12418693799998, 0.0 ], [ -44.814746856999932, -23.119891414999927, 0.0 ], [ -44.81096847799995, -23.116944092999972, 0.0 ], [ -44.810124733999942, -23.115156508999974, 0.0 ], [ -44.812624794999977, -23.112457045999975, 0.0 ], [ -44.814844453999967, -23.11224624099998, 0.0 ], [ -44.815494298999965, -23.109414775999937, 0.0 ], [ -44.81730063599997, -23.108227069999941, 0.0 ], [ -44.813781568999957, -23.105403430999957, 0.0 ], [ -44.813628465999955, -23.103813832999947, 0.0 ], [ -44.808969336999951, -23.100502540999969, 0.0 ], [ -44.810921983999947, -23.098584612999957, 0.0 ], [ -44.814023071999941, -23.097680455999978, 0.0 ], [ -44.813154598999972, -23.096356286999935, 0.0 ], [ -44.818622389999973, -23.092025312999965, 0.0 ], [ -44.817474955999955, -23.085006280999949, 0.0 ], [ -44.814394323999977, -23.081776554999976, 0.0 ], [ -44.815488031999962, -23.080892881999944, 0.0 ], [ -44.813912138999967, -23.079083384999933, 0.0 ], [ -44.811718848999931, -23.079137706999973, 0.0 ], [ -44.812929889999964, -23.074984315999927, 0.0 ], [ -44.811010708999959, -23.07030018699993, 0.0 ], [ -44.815739217999976, -23.067174143999978, 0.0 ], [ -44.813485106999963, -23.066708450999954, 0.0 ], [ -44.814242735999983, -23.065947476999952, 0.0 ], [ -44.812519905999977, -23.064983436999967, 0.0 ], [ -44.808277696999937, -23.064597255999956, 0.0 ], [ -44.807166751999944, -23.06300325199993, 0.0 ], [ -44.80792287099996, -23.059934852999959, 0.0 ], [ -44.809633991999931, -23.059972773999959, 0.0 ], [ -44.809376808999957, -23.056607858999939, 0.0 ], [ -44.812059417999933, -23.055587105999962, 0.0 ], [ -44.810430610999958, -23.052743260999932, 0.0 ], [ -44.806266448999963, -23.050570480999966, 0.0 ], [ -44.805550914999969, -23.049349696999968, 0.0 ], [ -44.803494776999969, -23.04943308299994, 0.0 ], [ -44.80282301099993, -23.050739569999962, 0.0 ], [ -44.802897928999982, -23.049391831999969, 0.0 ], [ -44.799996523999937, -23.046988360999933, 0.0 ], [ -44.803209514999935, -23.040352657999961, 0.0 ], [ -44.80213076299998, -23.038816893999979, 0.0 ], [ -44.801235892999955, -23.033793182999943, 0.0 ], [ -44.802042592999953, -23.031276275999971, 0.0 ], [ -44.798268891999953, -23.030476193999959, 0.0 ], [ -44.796768472999986, -23.028082661999974, 0.0 ], [ -44.79551999499995, -23.024878410999975, 0.0 ], [ -44.796167227999945, -23.023218417999942, 0.0 ], [ -44.798363381999934, -23.021334475999936, 0.0 ], [ -44.798346655999978, -23.019204676999948, 0.0 ], [ -44.796510591999947, -23.017011006999951, 0.0 ], [ -44.796239165999964, -23.014047544999983, 0.0 ], [ -44.792747032999955, -23.012617839999962, 0.0 ], [ -44.792136833999962, -23.011300347999963, 0.0 ], [ -44.79291221699998, -23.009247014999971, 0.0 ], [ -44.79634215699997, -23.006843155999945, 0.0 ], [ -44.796318697999936, -23.004990047999968, 0.0 ], [ -44.798260273999972, -23.006874760999949, 0.0 ], [ -44.799908952999942, -23.006446768999979, 0.0 ], [ -44.799678021999966, -23.00206202499993, 0.0 ], [ -44.802405736999958, -23.000319945999934, 0.0 ], [ -44.802246551999986, -22.998992672999975, 0.0 ], [ -44.801158124999972, -22.996584673999962, 0.0 ], [ -44.796086450999951, -22.995338352999966, 0.0 ], [ -44.794389765999938, -22.991811944999938, 0.0 ], [ -44.792939386999933, -22.990840298999956, 0.0 ], [ -44.793834337999954, -22.987073717999976, 0.0 ], [ -44.791608008999958, -22.981453988999931, 0.0 ], [ -44.790121863999957, -22.98098906499996, 0.0 ], [ -44.787799258999939, -22.982672486999945, 0.0 ], [ -44.786747263999985, -22.982533899999964, 0.0 ], [ -44.78660876999993, -22.979412374999981, 0.0 ], [ -44.781213808999951, -22.978162690999966, 0.0 ], [ -44.777864391999969, -22.978452394999977, 0.0 ], [ -44.776882154999953, -22.977629182999976, 0.0 ], [ -44.771059971999932, -22.980369954999958, 0.0 ], [ -44.768522431999941, -22.982532677999927, 0.0 ], [ -44.764756531999979, -22.98320401999996, 0.0 ], [ -44.763430113999959, -22.982742275999954, 0.0 ], [ -44.760210660999974, -22.979290145999983, 0.0 ], [ -44.75880968499996, -22.978970819999972, 0.0 ], [ -44.755880194999975, -22.980367491999971, 0.0 ], [ -44.754840716999979, -22.979596528999934, 0.0 ], [ -44.754015439999932, -22.978146323999965, 0.0 ], [ -44.756612076999943, -22.976533028999938, 0.0 ], [ -44.756846391999943, -22.973954563999939, 0.0 ], [ -44.754262389999951, -22.97274106499998, 0.0 ], [ -44.754519873999982, -22.97053442899994, 0.0 ], [ -44.753666973999941, -22.969502644999977, 0.0 ], [ -44.754850559999966, -22.967509073999963, 0.0 ], [ -44.753053018999935, -22.965254809999976, 0.0 ], [ -44.753613556999937, -22.963587390999976, 0.0 ], [ -44.752730114999963, -22.96114333099996, 0.0 ], [ -44.750273567999955, -22.958717113999967, 0.0 ], [ -44.751114564999966, -22.953997980999929, 0.0 ], [ -44.747119417999954, -22.951189265999972, 0.0 ], [ -44.746782402999941, -22.948637468999948, 0.0 ], [ -44.744973745999971, -22.947009778999927, 0.0 ], [ -44.744906712999978, -22.945597117999966, 0.0 ], [ -44.746086134999985, -22.944783327999971, 0.0 ], [ -44.74591150599997, -22.942940275999945, 0.0 ], [ -44.744025551999982, -22.941447768999979, 0.0 ], [ -44.74377573199996, -22.938283302999935, 0.0 ], [ -44.740684939999937, -22.939246277999928, 0.0 ], [ -44.741028881999966, -22.933438875999968, 0.0 ], [ -44.738992426999971, -22.933672161999937, 0.0 ], [ -44.735743072999981, -22.932605577999936, 0.0 ], [ -44.738516104999974, -22.931771240999979, 0.0 ], [ -44.738529032999963, -22.929703447999941, 0.0 ], [ -44.739444442999968, -22.92954285899998, 0.0 ], [ -44.73922450799995, -22.925670454999931, 0.0 ], [ -44.739853582999956, -22.924595936999935, 0.0 ], [ -44.747014300999979, -22.920255109999971, 0.0 ], [ -44.750434746999986, -22.920776785999976, 0.0 ], [ -44.752899772999967, -22.918866157999958, 0.0 ], [ -44.752169822999974, -22.915889325999956, 0.0 ], [ -44.750584748999984, -22.914947529999949, 0.0 ], [ -44.74959202499997, -22.910350599999958, 0.0 ], [ -44.74752837799997, -22.905994103999944, 0.0 ], [ -44.745920363999971, -22.90498052099997, 0.0 ], [ -44.744883305999963, -22.902920154999947, 0.0 ], [ -44.742487058999984, -22.903289960999928, 0.0 ], [ -44.741331503999959, -22.899272122999946, 0.0 ], [ -44.737797431999979, -22.898915545999955, 0.0 ], [ -44.737423992999936, -22.895903379999936, 0.0 ], [ -44.735360071999935, -22.894623632999981, 0.0 ], [ -44.734582005999982, -22.892772381999976, 0.0 ], [ -44.727471516999969, -22.891871226999967, 0.0 ], [ -44.723847, -22.889998612999932, 0.0 ], [ -44.72124453999993, -22.886611726999945, 0.0 ], [ -44.718088791999946, -22.885795912999981, 0.0 ], [ -44.716059138999981, -22.880606376999935, 0.0 ], [ -44.714016019999974, -22.879450039999938, 0.0 ], [ -44.712794302999953, -22.877166727999963, 0.0 ], [ -44.708078489999934, -22.873229715999969, 0.0 ], [ -44.70760241399995, -22.867894086999968, 0.0 ], [ -44.701154502999941, -22.861934129999952, 0.0 ], [ -44.70301574399997, -22.859940817999927, 0.0 ], [ -44.702972047999936, -22.858685919999971, 0.0 ], [ -44.704500984999981, -22.856508969999936, 0.0 ], [ -44.706824834999964, -22.85480599899995, 0.0 ], [ -44.706398620999948, -22.851952399999959, 0.0 ], [ -44.708607645999962, -22.850063475999946, 0.0 ], [ -44.706780123999977, -22.848727237999981, 0.0 ], [ -44.706980147999957, -22.846430307999981, 0.0 ], [ -44.709160050999969, -22.846608420999928, 0.0 ], [ -44.710646336999957, -22.847858651999957, 0.0 ], [ -44.716615990999969, -22.849683497999933, 0.0 ], [ -44.720599910999965, -22.848732179999956, 0.0 ], [ -44.724019928999951, -22.846467142999927, 0.0 ], [ -44.724471795999932, -22.845311832999982, 0.0 ], [ -44.72398153499995, -22.843754650999983, 0.0 ], [ -44.720696379999936, -22.840145951999943, 0.0 ], [ -44.723585279999952, -22.832928695999954, 0.0 ], [ -44.719544934999931, -22.827132005999943, 0.0 ], [ -44.720076570999936, -22.825641494999957, 0.0 ], [ -44.722416676999956, -22.825134021999929, 0.0 ], [ -44.722340117999977, -22.824376001999951, 0.0 ], [ -44.717350330999977, -22.819404295999959, 0.0 ], [ -44.716218284999968, -22.816755301999933, 0.0 ], [ -44.71435491099993, -22.815480417999936, 0.0 ], [ -44.712905939999985, -22.811909300999957, 0.0 ], [ -44.711672737999947, -22.811721, 0.0 ], [ -44.711049466999953, -22.809927018999929, 0.0 ], [ -44.70863666799994, -22.809509728999956, 0.0 ], [ -44.707560227999977, -22.808386108999969, 0.0 ], [ -44.704902897999943, -22.808863954999936, 0.0 ], [ -44.704412103999971, -22.806701228999941, 0.0 ], [ -44.706925505999948, -22.805731010999978, 0.0 ], [ -44.706243831999984, -22.804600093999966, 0.0 ], [ -44.70672862999993, -22.803940784999952, 0.0 ], [ -44.705587744999946, -22.803987006999932, 0.0 ], [ -44.704476804999956, -22.802102713999943, 0.0 ], [ -44.70548608799993, -22.800305997999942, 0.0 ], [ -44.707049200999961, -22.800979092999967, 0.0 ], [ -44.707030906999933, -22.799942735999934, 0.0 ], [ -44.708752373999971, -22.79780533099995, 0.0 ], [ -44.70903962999995, -22.794822465999971, 0.0 ], [ -44.709887437999953, -22.794203490999962, 0.0 ], [ -44.709096053999986, -22.793383820999964, 0.0 ], [ -44.709554121999986, -22.792764366999961, 0.0 ], [ -44.706974959999968, -22.785182698999961, 0.0 ], [ -44.705285437999976, -22.784211576999951, 0.0 ], [ -44.704411473999983, -22.786068299999954, 0.0 ], [ -44.703239178999979, -22.785809182999969, 0.0 ], [ -44.699704808999968, -22.779488992999973, 0.0 ], [ -44.698759929999937, -22.778991255999983, 0.0 ], [ -44.696935162999978, -22.78124446299995, 0.0 ], [ -44.694821346999959, -22.781044080999948, 0.0 ], [ -44.693554872999982, -22.782906158999936, 0.0 ], [ -44.689001928999971, -22.784631910999963, 0.0 ], [ -44.678766975999963, -22.78616333399998, 0.0 ], [ -44.675940812999954, -22.784950595999931, 0.0 ], [ -44.674309024999957, -22.779563493999945, 0.0 ], [ -44.674590479999949, -22.778266218999931, 0.0 ], [ -44.67347170599993, -22.77723139099993, 0.0 ], [ -44.66858575599997, -22.77551475599995, 0.0 ], [ -44.664683712999931, -22.775544855999954, 0.0 ], [ -44.659887187999971, -22.771248842999967, 0.0 ], [ -44.659425485999975, -22.770224826999936, 0.0 ], [ -44.660105856999962, -22.766085347999933, 0.0 ], [ -44.657890707999968, -22.762182286999973, 0.0 ], [ -44.650961620999965, -22.756810454999936, 0.0 ], [ -44.659173138999961, -22.750066682999943, 0.0 ], [ -44.656523322999931, -22.744381344999965, 0.0 ], [ -44.654713935999951, -22.74351220899996, 0.0 ], [ -44.650743194999961, -22.73732503399998, 0.0 ], [ -44.64820040099994, -22.736126770999931, 0.0 ], [ -44.649308729999973, -22.735091290999947, 0.0 ], [ -44.648099696999964, -22.731994163999957, 0.0 ], [ -44.650505962999944, -22.730153512999948, 0.0 ], [ -44.65064818899998, -22.727415900999972, 0.0 ], [ -44.652183849999972, -22.725819771999966, 0.0 ], [ -44.652201244999958, -22.722975987999973, 0.0 ], [ -44.644629592999934, -22.722105143999954, 0.0 ], [ -44.643661544999929, -22.718367837999949, 0.0 ], [ -44.634136804999969, -22.723622310999929, 0.0 ], [ -44.630674333999934, -22.736551916999929, 0.0 ], [ -44.619966589999933, -22.732830450999927, 0.0 ], [ -44.617875581999954, -22.732839805999959, 0.0 ], [ -44.613057090999973, -22.728528995999966, 0.0 ], [ -44.609491838999929, -22.726667960999976, 0.0 ], [ -44.609066462999976, -22.724998555999946, 0.0 ], [ -44.607389139999952, -22.724542076999967, 0.0 ], [ -44.604878604999953, -22.725657048999949, 0.0 ], [ -44.60300340799995, -22.723686506999968, 0.0 ], [ -44.600589659999969, -22.723088932999929, 0.0 ], [ -44.598812816999953, -22.718346014999952, 0.0 ], [ -44.593430525999963, -22.71337081799993, 0.0 ], [ -44.587163407999981, -22.713529394999966, 0.0 ], [ -44.583727047999957, -22.71011522699996, 0.0 ], [ -44.581135993999965, -22.709063555999933, 0.0 ], [ -44.579509114999951, -22.711639025999943, 0.0 ], [ -44.57966066399996, -22.713598523999963, 0.0 ] ] ] } },
{ "type": "Feature", "properties": { "id": "479", "Name": "APA Federal — Silva Jardim", "description": null, "timestamp": null, "begin": null, "end": null, "altitudeMode": null, "tessellate": -1, "extrude": 0, "visibility": -1, "drawOrder": null, "icon": null, "globalid": "{9AE91465-21DC-4257-91C4-D8CB9A417719}", "nome_uc": "APA Federal — Silva Jardim", "jurisdicao": "Federal", "tipo": "Uso Sustentável", "categoria": "APA", "area_ha": "150374.606774", "mun_abrang": "Silva Jardim, Cachoeiras De Macacu, Rio Bonito, Araruama, Casimiro De Abreu, Rio Das Ostras, Cabo Frio, Macaé, Nova Friburgo.", "bioma_ibge": "Mata Atlântica", "ato_criaca": "DEC S/N de 27/06/2002" }, "geometry": { "type": "Polygon", "coordinates": [ [ [ -42.270897010999931, -22.401403315999971, 0.0 ], [ -42.26783762599996, -22.405813158999933, 0.0 ], [ -42.267795663999948, -22.411888089999934, 0.0 ], [ -42.263443072999962, -22.414348598999936, 0.0 ], [ -42.263660524999977, -22.417346959999975, 0.0 ], [ -42.261386954999978, -22.423526834999961, 0.0 ], [ -42.262413133999985, -22.428928438999947, 0.0 ], [ -42.261325954999961, -22.432193837999932, 0.0 ], [ -42.257118300999934, -22.434309079999935, 0.0 ], [ -42.254154283999981, -22.438665533999938, 0.0 ], [ -42.249530808999964, -22.439018401999931, 0.0 ], [ -42.246639273999961, -22.443567454999936, 0.0 ], [ -42.242977121999957, -22.445192537999958, 0.0 ], [ -42.240295403999937, -22.453748950999966, 0.0 ], [ -42.239353155999936, -22.454408891999947, 0.0 ], [ -42.231353676999959, -22.454973506999977, 0.0 ], [ -42.228965654999968, -22.456192294999937, 0.0 ], [ -42.211623870999972, -22.453157747999967, 0.0 ], [ -42.206893641999955, -22.45332751899997, 0.0 ], [ -42.203750278999962, -22.451834049999945, 0.0 ], [ -42.198562227999957, -22.450916634999942, 0.0 ], [ -42.188182362999953, -22.451994322999951, 0.0 ], [ -42.186328379999964, -22.449839003999955, 0.0 ], [ -42.182242813999949, -22.448904404999951, 0.0 ], [ -42.179786117999981, -22.445909865999965, 0.0 ], [ -42.178439505999961, -22.445562717999962, 0.0 ], [ -42.165503760999968, -22.444759759999954, 0.0 ], [ -42.156005075999985, -22.446499294999967, 0.0 ], [ -42.148154347999935, -22.444769350999934, 0.0 ], [ -42.144438798999943, -22.443092761999935, 0.0 ], [ -42.136710146999974, -22.442415683999968, 0.0 ], [ -42.135043111999948, -22.442493894999927, 0.0 ], [ -42.132491063999964, -22.445185181999932, 0.0 ], [ -42.127989692999961, -22.447552231999964, 0.0 ], [ -42.12119946699994, -22.444515701999933, 0.0 ], [ -42.115408704999936, -22.443764251999937, 0.0 ], [ -42.106978137999931, -22.436325575999945, 0.0 ], [ -42.106295287999956, -22.437050359999944, 0.0 ], [ -42.099859839999965, -22.43754819399993, 0.0 ], [ -42.095415672999934, -22.439014975999953, 0.0 ], [ -42.088575863999949, -22.439430783999967, 0.0 ], [ -42.083002538999949, -22.43677576999994, 0.0 ], [ -42.076246626999932, -22.431498117999979, 0.0 ], [ -42.07438123999998, -22.431177699999978, 0.0 ], [ -42.069059698999979, -22.435846922999929, 0.0 ], [ -42.064394286999971, -22.434672018999947, 0.0 ], [ -42.066587765999941, -22.437492980999934, 0.0 ], [ -42.066015630999971, -22.462864667999952, 0.0 ], [ -42.067926796999984, -22.464739587999929, 0.0 ], [ -42.072245079999959, -22.466210142999955, 0.0 ], [ -42.081675126999983, -22.472939285999928, 0.0 ], [ -42.073969376999969, -22.476981010999964, 0.0 ], [ -42.071897969999952, -22.473147205999965, 0.0 ], [ -42.068670666999935, -22.470074461999957, 0.0 ], [ -42.066347535999967, -22.47128375099993, 0.0 ], [ -42.063574208999967, -22.468254871999932, 0.0 ], [ -42.062975286999972, -22.465964134999979, 0.0 ], [ -42.057977993999941, -22.464360050999971, 0.0 ], [ -42.056242267999949, -22.454941518999931, 0.0 ], [ -42.017267107999942, -22.443001580999976, 0.0 ], [ -42.017286171999956, -22.441063674999953, 0.0 ], [ -42.011873064999975, -22.440419001999942, 0.0 ], [ -42.002992389999974, -22.44293672799995, 0.0 ], [ -41.988645196999983, -22.444563745999972, 0.0 ], [ -41.981046259999971, -22.453118263999954, 0.0 ], [ -42.000375549999944, -22.463322581999932, 0.0 ], [ -42.003095465999934, -22.466851188999954, 0.0 ], [ -42.008378883999967, -22.475441924999927, 0.0 ], [ -42.008485726999936, -22.48187162399995, 0.0 ], [ -42.012201279999942, -22.484646829999974, 0.0 ], [ -42.021711487999937, -22.513961009999946, 0.0 ], [ -42.017721280999979, -22.517447654999955, 0.0 ], [ -42.012796494999975, -22.524867295999968, 0.0 ], [ -42.00808916799997, -22.545535441999959, 0.0 ], [ -41.99785049299993, -22.562633030999962, 0.0 ], [ -41.988672254999983, -22.564151304999939, 0.0 ], [ -41.991163299999982, -22.576921077999941, 0.0 ], [ -41.990362218999962, -22.577825164999979, 0.0 ], [ -41.990827619999948, -22.582919710999931, 0.0 ], [ -41.995004782999956, -22.592168480999931, 0.0 ], [ -41.997259272999941, -22.590625427999953, 0.0 ], [ -42.002435876999982, -22.594001429999935, 0.0 ], [ -42.005220664999968, -22.599157018999961, 0.0 ], [ -42.007940555999937, -22.60221833099996, 0.0 ], [ -42.011213620999968, -22.608741478999946, 0.0 ], [ -42.013662723999971, -22.626521840999942, 0.0 ], [ -42.01345299299993, -22.651548328999979, 0.0 ], [ -42.015512957999931, -22.651546414999927, 0.0 ], [ -42.015341260999946, -22.64191998299998, 0.0 ], [ -42.017759809999973, -22.64172160399994, 0.0 ], [ -42.018076367999981, -22.625673086999939, 0.0 ], [ -42.01624144799996, -22.621436831999972, 0.0 ], [ -42.014307396999982, -22.620433588999958, 0.0 ], [ -42.014467619999948, -22.616185895999934, 0.0 ], [ -42.01297223399996, -22.610480984999981, 0.0 ], [ -42.014353139999969, -22.609670353999945, 0.0 ], [ -42.016039272999933, -22.611573889999931, 0.0 ], [ -42.015985864999948, -22.612971997999978, 0.0 ], [ -42.017252363999944, -22.614553178999927, 0.0 ], [ -42.016577155999983, -22.61696599499993, 0.0 ], [ -42.017092160999937, -22.617763278999973, 0.0 ], [ -42.02274555799994, -22.613120736999974, 0.0 ], [ -42.02619791199993, -22.614118296999948, 0.0 ], [ -42.026228390999961, -22.606721578999952, 0.0 ], [ -42.02297060799998, -22.603147175999936, 0.0 ], [ -42.021498128999951, -22.60329784399994, 0.0 ], [ -42.020620735999955, -22.60008967999994, 0.0 ], [ -42.016481720999934, -22.59432181699998, 0.0 ], [ -42.019262672999957, -22.593682872999977, 0.0 ], [ -42.020525342999974, -22.59184417299997, 0.0 ], [ -42.02976842399994, -22.590205711999943, 0.0 ], [ -42.037806041999943, -22.582601077999982, 0.0 ], [ -42.055224091999946, -22.581483323999976, 0.0 ], [ -42.060354922999977, -22.585870211999975, 0.0 ], [ -42.073630228999946, -22.601432331999945, 0.0 ], [ -42.079688062999935, -22.614440491999972, 0.0 ], [ -42.091830382999945, -22.622775631999957, 0.0 ], [ -42.10213399099996, -22.627809102999947, 0.0 ], [ -42.115718191999974, -22.610644751999928, 0.0 ], [ -42.110690320999936, -22.598752389999959, 0.0 ], [ -42.098181759999932, -22.576756773999932, 0.0 ], [ -42.116275038999959, -22.573146088999977, 0.0 ], [ -42.144984693999959, -22.57562558099994, 0.0 ], [ -42.150435916999982, -22.561287944999947, 0.0 ], [ -42.17320605599997, -22.563893345999929, 0.0 ], [ -42.188011076999942, -22.580897411999956, 0.0 ], [ -42.17967213299994, -22.598565319999977, 0.0 ], [ -42.204658700999971, -22.625422732999937, 0.0 ], [ -42.233231091999983, -22.648236594999958, 0.0 ], [ -42.233673623999948, -22.651587811999946, 0.0 ], [ -42.235580998999978, -22.65467010499998, 0.0 ], [ -42.234112326999934, -22.659055122999973, 0.0 ], [ -42.234284001999981, -22.661729242999968, 0.0 ], [ -42.237316722999935, -22.663392446999978, 0.0 ], [ -42.242134768999961, -22.668403091999949, 0.0 ], [ -42.241432834999955, -22.672109053999975, 0.0 ], [ -42.239178344999971, -22.67400689599998, 0.0 ], [ -42.24237508899995, -22.67309516499995, 0.0 ], [ -42.244911865999939, -22.671227846999955, 0.0 ], [ -42.248280277999982, -22.670590786999981, 0.0 ], [ -42.249111882999955, -22.669335750999949, 0.0 ], [ -42.248940210999933, -22.667951007999932, 0.0 ], [ -42.249954938999963, -22.666966801999934, 0.0 ], [ -42.274022041999956, -22.659177094999961, 0.0 ], [ -42.275559384999951, -22.657838120999941, 0.0 ], [ -42.277005161999966, -22.658059377999962, 0.0 ], [ -42.282166516999951, -22.66271329999995, 0.0 ], [ -42.285256439999955, -22.662554989999933, 0.0 ], [ -42.288525671999935, -22.664122824999936, 0.0 ], [ -42.281025947999979, -22.673089337999954, 0.0 ], [ -42.281571460999942, -22.676480624999954, 0.0 ], [ -42.287686475999976, -22.680737821999969, 0.0 ], [ -42.314736880999931, -22.725142973999937, 0.0 ], [ -42.31740719499993, -22.725816270999928, 0.0 ], [ -42.320268239999962, -22.724889289999965, 0.0 ], [ -42.331002872999932, -22.723832577999929, 0.0 ], [ -42.338674302999948, -22.720082685999955, 0.0 ], [ -42.341603979999945, -22.708495475999939, 0.0 ], [ -42.345704821999959, -22.710770953999941, 0.0 ], [ -42.353296121999961, -22.710353210999983, 0.0 ], [ -42.355474351999931, -22.713855112999966, 0.0 ], [ -42.356397511999944, -22.714143122999928, 0.0 ], [ -42.359758282999962, -22.712001154999939, 0.0 ], [ -42.361665650999953, -22.713052105999964, 0.0 ], [ -42.36248584599997, -22.719249108999975, 0.0 ], [ -42.364183411999932, -22.721248011999933, 0.0 ], [ -42.368974721999962, -22.724135743999966, 0.0 ], [ -42.377447209999957, -22.719109837999952, 0.0 ], [ -42.379591085999948, -22.718625354999972, 0.0 ], [ -42.388666379999961, -22.722283654999956, 0.0 ], [ -42.391245116999983, -22.721534046999977, 0.0 ], [ -42.394464751999976, -22.72183541499993, 0.0 ], [ -42.396715438999934, -22.725291541999979, 0.0 ], [ -42.398088768999969, -22.729642210999941, 0.0 ], [ -42.399122572999943, -22.730450925999946, 0.0 ], [ -42.40431439799994, -22.732325861999982, 0.0 ], [ -42.408216873999947, -22.729262621999965, 0.0 ], [ -42.410170014999949, -22.72938469099995, 0.0 ], [ -42.414995675999933, -22.734944632999941, 0.0 ], [ -42.417974983999954, -22.736352255999975, 0.0 ], [ -42.420832213999972, -22.736331269999937, 0.0 ], [ -42.42878209099996, -22.733105899999941, 0.0 ], [ -42.43949386099996, -22.732617577999974, 0.0 ], [ -42.441508023999972, -22.73166962099998, 0.0 ], [ -42.444132550999939, -22.728255437999962, 0.0 ], [ -42.453478635999943, -22.72611154599997, 0.0 ], [ -42.457495538999979, -22.719479645999968, 0.0 ], [ -42.459017609999933, -22.71865567499998, 0.0 ], [ -42.474131590999946, -22.724627584999951, 0.0 ], [ -42.480063492999932, -22.724606568999945, 0.0 ], [ -42.489340913999968, -22.722001109999951, 0.0 ], [ -42.496482111999967, -22.725392355999929, 0.0 ], [ -42.498625966999953, -22.725678454999979, 0.0 ], [ -42.504493044999947, -22.724486339999942, 0.0 ], [ -42.506434719999959, -22.721030178999968, 0.0 ], [ -42.508776965999971, -22.719853370999942, 0.0 ], [ -42.515025496999954, -22.719559613999934, 0.0 ], [ -42.518935590999945, -22.717739976999951, 0.0 ], [ -42.531127454999933, -22.717312698999933, 0.0 ], [ -42.530456085999958, -22.718951138999955, 0.0 ], [ -42.531035924999969, -22.723866402999931, 0.0 ], [ -42.533534591999967, -22.723721434999959, 0.0 ], [ -42.535628882999958, -22.726092262999941, 0.0 ], [ -42.541801119999946, -22.727860372999942, 0.0 ], [ -42.543609305999951, -22.730364752999947, 0.0 ], [ -42.546844196999984, -22.732638300999952, 0.0 ], [ -42.547702517999937, -22.734461720999946, 0.0 ], [ -42.55309656299994, -22.73762600799995, 0.0 ], [ -42.552650249999942, -22.739169078999964, 0.0 ], [ -42.555763064999951, -22.740477515999942, 0.0 ], [ -42.558002319999957, -22.743803931999935, 0.0 ], [ -42.561744572999942, -22.744831990999955, 0.0 ], [ -42.565318993999938, -22.74352923999993, 0.0 ], [ -42.566928767999968, -22.741228974999956, 0.0 ], [ -42.577018749999979, -22.73779570399995, 0.0 ], [ -42.57883834699993, -22.733309587999941, 0.0 ], [ -42.579040529999929, -22.730217766999942, 0.0 ], [ -42.581306475999952, -22.728716671999962, 0.0 ], [ -42.584430739999959, -22.728167343999928, 0.0 ], [ -42.586055800999929, -22.722000856999955, 0.0 ], [ -42.589256363999937, -22.721361865999938, 0.0 ], [ -42.591705409999975, -22.719885565999959, 0.0 ], [ -42.591995323999981, -22.716726991999963, 0.0 ], [ -42.593937001999961, -22.714440066999941, 0.0 ], [ -42.596553901999982, -22.714663205999955, 0.0 ], [ -42.600036749999958, -22.71323267799994, 0.0 ], [ -42.595603997999945, -22.701199173999953, 0.0 ], [ -42.599365328999966, -22.697460744999944, 0.0 ], [ -42.605560435999962, -22.693607874999941, 0.0 ], [ -42.611568614999953, -22.685925013999963, 0.0 ], [ -42.621937030999959, -22.67923395899993, 0.0 ], [ -42.628681430999961, -22.665294974999938, 0.0 ], [ -42.628265588999966, -22.656704226999977, 0.0 ], [ -42.63221765399993, -22.652120875999969, 0.0 ], [ -42.647487983999952, -22.643644499999937, 0.0 ], [ -42.651562101999957, -22.639410163999969, 0.0 ], [ -42.652912512999933, -22.633514508999951, 0.0 ], [ -42.660023133999971, -22.626888329999929, 0.0 ], [ -42.659370812999953, -22.621192961999952, 0.0 ], [ -42.656574594999938, -22.616512304999958, 0.0 ], [ -42.647964718999958, -22.608263001999944, 0.0 ], [ -42.638870408999935, -22.60673713999995, 0.0 ], [ -42.634304153999949, -22.603305815999931, 0.0 ], [ -42.626586954999937, -22.601568211999961, 0.0 ], [ -42.627986938999982, -22.596366860999979, 0.0 ], [ -42.62642289799993, -22.592863048999959, 0.0 ], [ -42.627483393999967, -22.589397367999936, 0.0 ], [ -42.630302450999977, -22.585262220999937, 0.0 ], [ -42.625789597999983, -22.578931697999963, 0.0 ], [ -42.627071336999961, -22.576976651999928, 0.0 ], [ -42.624301831999958, -22.567306361999954, 0.0 ], [ -42.616668531999949, -22.560811816999944, 0.0 ], [ -42.610854875999962, -22.55747777299996, 0.0 ], [ -42.620136091999939, -22.555179396999961, 0.0 ], [ -42.621940466999945, -22.552072297999928, 0.0 ], [ -42.61698510399998, -22.549678566999944, 0.0 ], [ -42.608436279999978, -22.541894670999966, 0.0 ], [ -42.600722899999937, -22.540038835999951, 0.0 ], [ -42.593581692999976, -22.534131747999936, 0.0 ], [ -42.59388303999998, -22.531234479999966, 0.0 ], [ -42.587306407999961, -22.517909694999958, 0.0 ], [ -42.586150540999938, -22.512672099999975, 0.0 ], [ -42.582602854999948, -22.508325230999958, 0.0 ], [ -42.579467092999948, -22.502130141999942, 0.0 ], [ -42.579314487999966, -22.500037753999948, 0.0 ], [ -42.580592431999946, -22.498317332999932, 0.0 ], [ -42.576625075999971, -22.489556834999973, 0.0 ], [ -42.57242886399996, -22.486823609999931, 0.0 ], [ -42.566825020999943, -22.486043497999958, 0.0 ], [ -42.566722034999941, -22.484765576999962, 0.0 ], [ -42.569563973999948, -22.479239934999953, 0.0 ], [ -42.565463119999947, -22.472709175999967, 0.0 ], [ -42.565714888999935, -22.467347592999943, 0.0 ], [ -42.55256170399997, -22.46746206399996, 0.0 ], [ -42.554316458999949, -22.463468038999963, 0.0 ], [ -42.551970379999943, -22.46008248399994, 0.0 ], [ -42.552988920999951, -22.456971590999956, 0.0 ], [ -42.55205811999997, -22.455171034999978, 0.0 ], [ -42.543837388999975, -22.458173237999972, 0.0 ], [ -42.537375252999936, -22.456733210999971, 0.0 ], [ -42.523390379999967, -22.446023425999954, 0.0 ], [ -42.521547845999976, -22.441529682999942, 0.0 ], [ -42.517027390999942, -22.439002444999971, 0.0 ], [ -42.51564263299997, -22.43585530699994, 0.0 ], [ -42.512072043999979, -22.434012801999927, 0.0 ], [ -42.509626795999964, -22.436431347999928, 0.0 ], [ -42.502313959999981, -22.435342272999947, 0.0 ], [ -42.493238726999948, -22.436768995999955, 0.0 ], [ -42.491010923999966, -22.439900892999958, 0.0 ], [ -42.488405456999942, -22.440091635999977, 0.0 ], [ -42.48462507399995, -22.442019981999977, 0.0 ], [ -42.481455035999943, -22.442575037999973, 0.0 ], [ -42.480859950999957, -22.447200383999927, 0.0 ], [ -42.479322606999972, -22.448155974999963, 0.0 ], [ -42.47298634699996, -22.449094396999953, 0.0 ], [ -42.467073510999967, -22.448136914999964, 0.0 ], [ -42.465505654999959, -22.445750810999982, 0.0 ], [ -42.463533441999971, -22.444598787999951, 0.0 ], [ -42.458074560999933, -22.443763377999971, 0.0 ], [ -42.45467178499996, -22.437518696999973, 0.0 ], [ -42.452344801999971, -22.435178370999949, 0.0 ], [ -42.448194372999978, -22.435197450999965, 0.0 ], [ -42.444257562999951, -22.433753599999932, 0.0 ], [ -42.436368702999971, -22.434003471999972, 0.0 ], [ -42.429551768999943, -22.429891237999982, 0.0 ], [ -42.417684138999959, -22.427629119999949, 0.0 ], [ -42.413442159999931, -22.427648222999949, 0.0 ], [ -42.404561460999957, -22.429635698999959, 0.0 ], [ -42.400971798999933, -22.426065137999956, 0.0 ], [ -42.396378841999933, -22.424062423999942, 0.0 ], [ -42.391961402999982, -22.425113390999968, 0.0 ], [ -42.390439296999944, -22.422036847999948, 0.0 ], [ -42.389481818999968, -22.421878524999954, 0.0 ], [ -42.371697531999985, -22.425533052999981, 0.0 ], [ -42.36841303999995, -22.420816166999941, 0.0 ], [ -42.366364529999942, -22.420148596999979, 0.0 ], [ -42.36354165299997, -22.42373062799993, 0.0 ], [ -42.359543803999941, -22.425451079999959, 0.0 ], [ -42.355515461999971, -22.429647278999937, 0.0 ], [ -42.351094222999961, -22.429256271999975, 0.0 ], [ -42.346615678999967, -22.426908336999929, 0.0 ], [ -42.344761717999972, -22.424373454999966, 0.0 ], [ -42.341549732999965, -22.428611631999956, 0.0 ], [ -42.338700117999963, -22.428706983999973, 0.0 ], [ -42.335995483999966, -22.42756830299993, 0.0 ], [ -42.333699000999957, -22.425399643999981, 0.0 ], [ -42.328686414999936, -22.42514407699997, 0.0 ], [ -42.325535493999951, -22.42641627699993, 0.0 ], [ -42.325302762999968, -22.421518194999976, 0.0 ], [ -42.323136002999945, -22.423036449999927, 0.0 ], [ -42.319698926999934, -22.423095598999964, 0.0 ], [ -42.315258603999951, -22.425268093999932, 0.0 ], [ -42.313019354999938, -22.424077886999953, 0.0 ], [ -42.310627500999942, -22.420497800999954, 0.0 ], [ -42.29904978899998, -22.416156680999961, 0.0 ], [ -42.297909130999983, -22.412797827999952, 0.0 ], [ -42.293281884999942, -22.413383387999943, 0.0 ], [ -42.292118394999932, -22.412845525999955, 0.0 ], [ -42.289566324999953, -22.407878762999928, 0.0 ], [ -42.282104703999948, -22.40530575799994, 0.0 ], [ -42.278179343999966, -22.401870613999961, 0.0 ], [ -42.270897010999931, -22.401403315999971, 0.0 ] ] ] } },
{ "type": "Feature", "properties": { "id": "495", "Name": "MONA Federal — Rio De Janeiro", "description": null, "timestamp": null, "begin": null, "end": null, "altitudeMode": null, "tessellate": -1, "extrude": 0, "visibility": -1, "drawOrder": null, "icon": null, "globalid": "{DE578ABC-7B8E-436D-8336-24F43C912685}", "nome_uc": "MONA Federal — Rio De Janeiro", "jurisdicao": "Federal", "tipo": "Proteção Integral", "categoria": "MONA", "area_ha": "91.19820869", "mun_abrang": "Rio De Janeiro.", "bioma_ibge": "Marinho Costeiro", "ato_criaca": "LEI 12.229 de 13/04/2010" }, "geometry": { "type": "MultiPolygon", "coordinates": [ [ [ [ -43.194324536999943, -23.067231182999933, 0.0 ], [ -43.192161579999947, -23.068357470999956, 0.0 ], [ -43.191028114999938, -23.070807172999935, 0.0 ], [ -43.19282919099993, -23.07412444199997, 0.0 ], [ -43.197739583999976, -23.072621100999982, 0.0 ], [ -43.199277013999961, -23.071154622999927, 0.0 ], [ -43.198286951999933, -23.069110851999937, 0.0 ], [ -43.194324536999943, -23.067231182999933, 0.0 ] ] ], [ [ [ -43.199701304999962, -23.073075316999962, 0.0 ], [ -43.198401593999961, -23.073484909999934, 0.0 ], [ -43.198307252999939, -23.074779974999956, 0.0 ], [ -43.20048775999993, -23.073952061999933, 0.0 ], [ -43.199701304999962, -23.073075316999962, 0.0 ] ] ], [ [ [ -43.197475276999967, -23.03429532399997, 0.0 ], [ -43.196722088999934, -23.035053410999978, 0.0 ], [ -43.198509207999962, -23.036779575999958, 0.0 ], [ -43.203011907999951, -23.038092647999974, 0.0 ], [ -43.205842482999969, -23.040165704999936, 0.0 ], [ -43.208264496999959, -23.039883040999939, 0.0 ], [ -43.207383337999943, -23.037810107999974, 0.0 ], [ -43.200431081999966, -23.036456996999959, 0.0 ], [ -43.197475276999967, -23.03429532399997, 0.0 ] ] ], [ [ [ -43.192816886999935, -23.029216750999979, 0.0 ], [ -43.191279578999968, -23.03008085099998, 0.0 ], [ -43.192741530999967, -23.030250300999967, 0.0 ], [ -43.192816886999935, -23.029216750999979, 0.0 ] ] ], [ [ [ -43.20308332999997, -23.025246322999976, 0.0 ], [ -43.200798119999945, -23.025848794999945, 0.0 ], [ -43.200609511999971, -23.026882746999945, 0.0 ], [ -43.203085163999958, -23.027460298999983, 0.0 ], [ -43.206203995999942, -23.026539670999966, 0.0 ], [ -43.206245283999976, -23.025712694999982, 0.0 ], [ -43.20308332999997, -23.025246322999976, 0.0 ] ] ], [ [ [ -43.190307178999944, -23.026716605999979, 0.0 ], [ -43.191962477999937, -23.027757796999936, 0.0 ], [ -43.195441469999935, -23.027352346999976, 0.0 ], [ -43.191835659999981, -23.025207765999937, 0.0 ], [ -43.190591196999947, -23.025478006999947, 0.0 ], [ -43.190307178999944, -23.026716605999979, 0.0 ] ] ] ] } },
{ "type": "Feature", "properties": { "id": "543", "Name": "REBIO Federal — Macaé", "description": null, "timestamp": null, "begin": null, "end": null, "altitudeMode": null, "tessellate": -1, "extrude": 0, "visibility": -1, "drawOrder": null, "icon": null, "globalid": "{C2D06424-DD83-4CE7-B46C-559C6BFF7AD5}", "nome_uc": "REBIO Federal — Macaé", "jurisdicao": "Federal", "tipo": "Proteção Integral", "categoria": "REBIO", "area_ha": "7756.75871995", "mun_abrang": "Macaé, Rio Das Ostras, Casimiro De Abreu, Rio Das Ostras.", "bioma_ibge": "Mata Atlântica", "ato_criaca": "DEC S/N de 22/04/1998;  DEC S/N de 05/06/2017" }, "geometry": { "type": "Polygon", "coordinates": [ [ [ -42.021581053999967, -22.367489320999937, 0.0 ], [ -42.019875894999984, -22.368612565999968, 0.0 ], [ -42.019455973999982, -22.370774841999946, 0.0 ], [ -42.01712114999998, -22.371159232999958, 0.0 ], [ -42.014492562999976, -22.373299540999938, 0.0 ], [ -42.014814176999948, -22.373922703999938, 0.0 ], [ -42.016739151999957, -22.373210022999956, 0.0 ], [ -42.01696309099998, -22.374190078999959, 0.0 ], [ -42.01885194099998, -22.374183245999973, 0.0 ], [ -42.021255423999946, -22.379343497999969, 0.0 ], [ -42.020762434999938, -22.379624174999947, 0.0 ], [ -42.021445493999977, -22.380926894999959, 0.0 ], [ -42.020007506999946, -22.381156286999953, 0.0 ], [ -42.018107279999981, -22.380481510999971, 0.0 ], [ -42.016731920999973, -22.37831302799998, 0.0 ], [ -42.014701313999979, -22.382653231999939, 0.0 ], [ -42.016140967999945, -22.383441313999981, 0.0 ], [ -42.017753709999965, -22.386307230999932, 0.0 ], [ -42.016960877999963, -22.392411222999954, 0.0 ], [ -42.013270294999984, -22.391626444999929, 0.0 ], [ -42.00557218299997, -22.392921128999944, 0.0 ], [ -42.014815429999942, -22.405980491999969, 0.0 ], [ -42.013768753999955, -22.411033657999951, 0.0 ], [ -42.009895583999935, -22.41352803999996, 0.0 ], [ -42.008828875999939, -22.415158429999963, 0.0 ], [ -42.008246382999971, -22.421510587999933, 0.0 ], [ -42.010995212999944, -22.422547076999933, 0.0 ], [ -42.011625049999964, -22.421864848999974, 0.0 ], [ -42.013648866999972, -22.424202778999927, 0.0 ], [ -42.016323456999942, -22.429191602999936, 0.0 ], [ -42.017650484999933, -22.437694471999976, 0.0 ], [ -42.016105989999971, -22.437494339999944, 0.0 ], [ -42.015621108999937, -22.441029958999934, 0.0 ], [ -42.013478000999953, -22.442018534999931, 0.0 ], [ -42.011387, -22.438980438999977, 0.0 ], [ -42.010291153999958, -22.438908262999973, 0.0 ], [ -42.009377950999976, -22.439859609999928, 0.0 ], [ -42.010640577999936, -22.442563056999973, 0.0 ], [ -42.009454436999931, -22.44409722499995, 0.0 ], [ -42.007245017999935, -22.444492431999947, 0.0 ], [ -42.006856753999955, -22.446270152999944, 0.0 ], [ -42.005443941999943, -22.445492514999955, 0.0 ], [ -42.004934163999962, -22.447575204999964, 0.0 ], [ -42.006275536999965, -22.449565341999971, 0.0 ], [ -42.004955783999947, -22.450924980999957, 0.0 ], [ -42.001145534999978, -22.449890889999949, 0.0 ], [ -42.000553128999968, -22.450623363999966, 0.0 ], [ -42.001599590999945, -22.451265281999952, 0.0 ], [ -42.001766901999929, -22.457320065999966, 0.0 ], [ -42.001554535999958, -22.458543740999971, 0.0 ], [ -42.000206392999985, -22.458950922999975, 0.0 ], [ -42.000674974999981, -22.459651260999976, 0.0 ], [ -42.006094726999947, -22.460218850999979, 0.0 ], [ -42.003105361999985, -22.462846586999945, 0.0 ], [ -42.003385139999978, -22.463650563999977, 0.0 ], [ -42.007445569999959, -22.463148744999955, 0.0 ], [ -42.009524502999966, -22.461631176999958, 0.0 ], [ -42.011366991999978, -22.462460714999963, 0.0 ], [ -42.012767912999948, -22.461328211999955, 0.0 ], [ -42.012839073999942, -22.463214206999965, 0.0 ], [ -42.018328544999974, -22.463142937999976, 0.0 ], [ -42.016561744999933, -22.462218536999956, 0.0 ], [ -42.015799975999983, -22.45914643499998, 0.0 ], [ -42.01376916199996, -22.457008790999964, 0.0 ], [ -42.018581739999945, -22.451816863999966, 0.0 ], [ -42.018705153999974, -22.450707356999942, 0.0 ], [ -42.016972376999945, -22.447907966999935, 0.0 ], [ -42.018183374999978, -22.444814491999978, 0.0 ], [ -42.017896746999952, -22.442689349999966, 0.0 ], [ -42.053147660999969, -22.454160484999932, 0.0 ], [ -42.053896549999934, -22.46233579799997, 0.0 ], [ -42.063162777999935, -22.46533534799994, 0.0 ], [ -42.062701315999959, -22.459629004999954, 0.0 ], [ -42.067864456999985, -22.464578923999966, 0.0 ], [ -42.068235700999935, -22.461139963999983, 0.0 ], [ -42.071569681999961, -22.460903942999948, 0.0 ], [ -42.070845292999934, -22.458583402999977, 0.0 ], [ -42.069875244999935, -22.459192625999947, 0.0 ], [ -42.069132814999932, -22.458289408999974, 0.0 ], [ -42.070135594999954, -22.456123770999966, 0.0 ], [ -42.068338664999942, -22.454675641999927, 0.0 ], [ -42.06570910399995, -22.455578193999941, 0.0 ], [ -42.063649312999985, -22.455236533999937, 0.0 ], [ -42.067671666999956, -22.452257221999957, 0.0 ], [ -42.068344402999969, -22.450267580999935, 0.0 ], [ -42.068031908999956, -22.443406996999954, 0.0 ], [ -42.069005683999933, -22.441926362999936, 0.0 ], [ -42.08472474499996, -22.446786111999927, 0.0 ], [ -42.08566729599994, -22.443706360999954, 0.0 ], [ -42.087559948999967, -22.44370010199998, 0.0 ], [ -42.088413488999947, -22.441369849999944, 0.0 ], [ -42.09689276499995, -22.443978267999967, 0.0 ], [ -42.099661989999959, -22.443351956999948, 0.0 ], [ -42.100995052999963, -22.444103889999951, 0.0 ], [ -42.093800035999948, -22.453235764999931, 0.0 ], [ -42.091777227999955, -22.454151162999949, 0.0 ], [ -42.087364029999947, -22.454500465999956, 0.0 ], [ -42.08491648699993, -22.453601164999952, 0.0 ], [ -42.081556476999936, -22.453888586999938, 0.0 ], [ -42.081548636999969, -22.455481471999974, 0.0 ], [ -42.084725769999977, -22.45543784299997, 0.0 ], [ -42.089808177999942, -22.457915756999967, 0.0 ], [ -42.089440369999977, -22.458859514999972, 0.0 ], [ -42.091192835999948, -22.460367291999944, 0.0 ], [ -42.090217780999978, -22.461219207999932, 0.0 ], [ -42.091543471999955, -22.461906595999949, 0.0 ], [ -42.092064687999937, -22.465498992999983, 0.0 ], [ -42.093058364999933, -22.465840455999967, 0.0 ], [ -42.097493224999937, -22.463344230999951, 0.0 ], [ -42.095658724999964, -22.463056090999942, 0.0 ], [ -42.095859162999943, -22.461814682999943, 0.0 ], [ -42.096973273999936, -22.461477256999956, 0.0 ], [ -42.096835647999967, -22.459756920999951, 0.0 ], [ -42.098702081999932, -22.45884184099998, 0.0 ], [ -42.102645896999945, -22.452693971999963, 0.0 ], [ -42.106418480999935, -22.453791680999927, 0.0 ], [ -42.106637861999957, -22.452967025999953, 0.0 ], [ -42.107466362999958, -22.453284233999966, 0.0 ], [ -42.107278860999941, -22.45398447499997, 0.0 ], [ -42.124651540999935, -22.459503882999968, 0.0 ], [ -42.121038947999978, -22.466695382999944, 0.0 ], [ -42.12202366799994, -22.467985067999962, 0.0 ], [ -42.11850375399996, -22.468682331999958, 0.0 ], [ -42.119374323999978, -22.472841783999968, 0.0 ], [ -42.117994364999959, -22.472658339999953, 0.0 ], [ -42.114906290999954, -22.474936989999946, 0.0 ], [ -42.116974691999985, -22.475381848999973, 0.0 ], [ -42.116621472999952, -22.478730524999946, 0.0 ], [ -42.122287703999973, -22.479006479999953, 0.0 ], [ -42.121776685999976, -22.479759445999946, 0.0 ], [ -42.114867328999935, -22.480112167999948, 0.0 ], [ -42.113491083999975, -22.483040617999961, 0.0 ], [ -42.111971722999954, -22.483807228999979, 0.0 ], [ -42.107958981999957, -22.483703481999953, 0.0 ], [ -42.107713535999949, -22.484826329999976, 0.0 ], [ -42.103573300999983, -22.485101224999937, 0.0 ], [ -42.103409903999932, -22.48638430699998, 0.0 ], [ -42.104149561999975, -22.485938702999931, 0.0 ], [ -42.10599147399995, -22.486708754999938, 0.0 ], [ -42.104968965999944, -22.486848295999948, 0.0 ], [ -42.105301284999939, -22.488844022999956, 0.0 ], [ -42.109579485999973, -22.488086562999968, 0.0 ], [ -42.114154392999978, -22.484948947999953, 0.0 ], [ -42.11417621399994, -22.485950607999939, 0.0 ], [ -42.111862212999938, -22.487520942999936, 0.0 ], [ -42.111707213999978, -22.488392414999964, 0.0 ], [ -42.114749581999945, -22.49290633399994, 0.0 ], [ -42.122212726999976, -22.489536625999961, 0.0 ], [ -42.126169528999981, -22.484616849999952, 0.0 ], [ -42.129158857999983, -22.482987188999971, 0.0 ], [ -42.128967625999962, -22.481491336999966, 0.0 ], [ -42.127212654999937, -22.480288084999927, 0.0 ], [ -42.128116691999935, -22.479317264999963, 0.0 ], [ -42.131836328999952, -22.479907097999956, 0.0 ], [ -42.133915606999949, -22.479343810999978, 0.0 ], [ -42.129949531999955, -22.477229183999953, 0.0 ], [ -42.128260742999942, -22.475008814999967, 0.0 ], [ -42.127910010999983, -22.472006156999953, 0.0 ], [ -42.128843973999949, -22.472845725999946, 0.0 ], [ -42.128774146999945, -22.474732580999955, 0.0 ], [ -42.130890314999931, -22.477409249999937, 0.0 ], [ -42.132384087999981, -22.478088302999936, 0.0 ], [ -42.135442818999934, -22.478107463999947, 0.0 ], [ -42.138365225999962, -22.475625228999945, 0.0 ], [ -42.138397533999978, -22.47405396399995, 0.0 ], [ -42.136031306999939, -22.471154041999966, 0.0 ], [ -42.13292759899997, -22.471718061999979, 0.0 ], [ -42.13097503299997, -22.470626796999966, 0.0 ], [ -42.133159655999975, -22.467086073999951, 0.0 ], [ -42.136321893999934, -22.46533229399995, 0.0 ], [ -42.133451073999936, -22.462058208999963, 0.0 ], [ -42.13362043799998, -22.461299118999932, 0.0 ], [ -42.134784864999972, -22.461161046999962, 0.0 ], [ -42.135510336999971, -22.459109909999938, 0.0 ], [ -42.136309407999931, -22.452646223999977, 0.0 ], [ -42.136352350999971, -22.449725585999943, 0.0 ], [ -42.133955687999958, -22.446886518999975, 0.0 ], [ -42.136613490999935, -22.447070587999974, 0.0 ], [ -42.139250137999966, -22.45001517299994, 0.0 ], [ -42.141854921999936, -22.449600915999952, 0.0 ], [ -42.142683484999964, -22.455390135999949, 0.0 ], [ -42.144900944999961, -22.453649949999942, 0.0 ], [ -42.148410078999973, -22.453524748999939, 0.0 ], [ -42.149588097999981, -22.455619515999956, 0.0 ], [ -42.152750783999977, -22.456251067999972, 0.0 ], [ -42.15434236699997, -22.453052624999941, 0.0 ], [ -42.155972802999941, -22.454991922999966, 0.0 ], [ -42.159044927999958, -22.454956936999963, 0.0 ], [ -42.163171106999982, -22.453281515999947, 0.0 ], [ -42.163866776999953, -22.454414113999974, 0.0 ], [ -42.165667356999961, -22.453323718999968, 0.0 ], [ -42.169092512999953, -22.452930127999934, 0.0 ], [ -42.171941537999942, -22.45375841799995, 0.0 ], [ -42.179043499999977, -22.451275144999954, 0.0 ], [ -42.180685194999967, -22.453892959999962, 0.0 ], [ -42.185181894999971, -22.451999359999945, 0.0 ], [ -42.18455711799993, -22.450682170999983, 0.0 ], [ -42.186135049999962, -22.44929988399997, 0.0 ], [ -42.185203522999984, -22.448061050999968, 0.0 ], [ -42.183338814999956, -22.448203150999973, 0.0 ], [ -42.183062654999958, -22.447499712999957, 0.0 ], [ -42.184344238999984, -22.447474457999931, 0.0 ], [ -42.184670825999945, -22.446527498999956, 0.0 ], [ -42.183883944999934, -22.445856404999972, 0.0 ], [ -42.186007298999982, -22.445031312999959, 0.0 ], [ -42.184905551999975, -22.442346229999941, 0.0 ], [ -42.184303049999983, -22.443073421999941, 0.0 ], [ -42.18274581999998, -22.441825007999967, 0.0 ], [ -42.181667804999961, -22.44345760799996, 0.0 ], [ -42.180199348999963, -22.442987864999964, 0.0 ], [ -42.180242051999983, -22.441614733999927, 0.0 ], [ -42.176797518999933, -22.441788465999934, 0.0 ], [ -42.176394824999932, -22.441387597999949, 0.0 ], [ -42.176375878999977, -22.444639296999981, 0.0 ], [ -42.174507179999978, -22.445474893999972, 0.0 ], [ -42.173147343999972, -22.44486603799993, 0.0 ], [ -42.173983402999966, -22.442393729999935, 0.0 ], [ -42.173065230999953, -22.441005939999968, 0.0 ], [ -42.172381560999952, -22.441679070999953, 0.0 ], [ -42.170086752999964, -22.44157744599994, 0.0 ], [ -42.168143136999959, -22.444889795999927, 0.0 ], [ -42.165577900999949, -22.444074043999933, 0.0 ], [ -42.165483416999962, -22.443355768999936, 0.0 ], [ -42.161855342999957, -22.444022111999971, 0.0 ], [ -42.160524309999971, -22.442957572999944, 0.0 ], [ -42.159005675999936, -22.443248577999952, 0.0 ], [ -42.161321903999976, -22.437360402999957, 0.0 ], [ -42.163320166999938, -22.439227641999935, 0.0 ], [ -42.164725842999985, -22.439482208999948, 0.0 ], [ -42.16815063599995, -22.439508554999975, 0.0 ], [ -42.17175414899998, -22.437895151999953, 0.0 ], [ -42.175812507999979, -22.438236662999941, 0.0 ], [ -42.177092650999953, -22.439597466999942, 0.0 ], [ -42.176344311999969, -22.44088523399995, 0.0 ], [ -42.17693937599995, -22.441752898999937, 0.0 ], [ -42.17751745399994, -22.440911756999981, 0.0 ], [ -42.179554287999963, -22.44064164599996, 0.0 ], [ -42.178093645999979, -22.439074321999954, 0.0 ], [ -42.181560932999957, -22.438438588999929, 0.0 ], [ -42.182291903999953, -22.440053613999964, 0.0 ], [ -42.18345807299994, -22.441006936999941, 0.0 ], [ -42.183975827999973, -22.440635200999964, 0.0 ], [ -42.185520813999972, -22.442886287999954, 0.0 ], [ -42.185787799999957, -22.440642357999934, 0.0 ], [ -42.184278387999939, -22.439634145999946, 0.0 ], [ -42.184872250999945, -22.435447704999945, 0.0 ], [ -42.184402475999946, -22.434062095999934, 0.0 ], [ -42.180641915999956, -22.431620049999935, 0.0 ], [ -42.177774069999941, -22.433890623999957, 0.0 ], [ -42.176872895999963, -22.433370360999959, 0.0 ], [ -42.174300506999941, -22.433910556999933, 0.0 ], [ -42.17424985599996, -22.431545594999932, 0.0 ], [ -42.170117828999935, -22.433574921999934, 0.0 ], [ -42.16789836099997, -22.432769148999967, 0.0 ], [ -42.166785592999929, -22.430913248999957, 0.0 ], [ -42.163016587999948, -22.431500723999932, 0.0 ], [ -42.161218077999933, -22.432616520999943, 0.0 ], [ -42.160316451999961, -22.431125398999939, 0.0 ], [ -42.161255878999953, -22.429408200999944, 0.0 ], [ -42.159049678999963, -22.424915904999978, 0.0 ], [ -42.155598576999978, -22.423611479999977, 0.0 ], [ -42.153847955999936, -22.424318133999975, 0.0 ], [ -42.15444352399993, -22.425205296999934, 0.0 ], [ -42.153217038999969, -22.426630858999943, 0.0 ], [ -42.152174793999961, -22.426361997999948, 0.0 ], [ -42.14796129299998, -22.430122449999942, 0.0 ], [ -42.14585212999998, -22.43002873699993, 0.0 ], [ -42.145202827999981, -22.431549770999936, 0.0 ], [ -42.140383583999949, -22.431426133999935, 0.0 ], [ -42.140561299999945, -22.432808544999943, 0.0 ], [ -42.13889377299995, -22.433736808999981, 0.0 ], [ -42.13713761899993, -22.432958561999953, 0.0 ], [ -42.135822508999979, -22.435789523999972, 0.0 ], [ -42.13788901199996, -22.437511953999945, 0.0 ], [ -42.136142946999939, -22.438247224999941, 0.0 ], [ -42.134141929999942, -22.437349658999949, 0.0 ], [ -42.133935280999935, -22.435372885999982, 0.0 ], [ -42.131479296999942, -22.435559118999947, 0.0 ], [ -42.131404269999962, -22.434197687999983, 0.0 ], [ -42.130008295999971, -22.433942989999935, 0.0 ], [ -42.12969850099995, -22.429972127999974, 0.0 ], [ -42.135322444999986, -22.432045156999948, 0.0 ], [ -42.138765732999957, -22.429946601999973, 0.0 ], [ -42.13994381599997, -22.426680734999934, 0.0 ], [ -42.139251447999982, -22.425964162999946, 0.0 ], [ -42.137823658999935, -22.427276845999927, 0.0 ], [ -42.137998931999959, -22.425472422999974, 0.0 ], [ -42.135109322999938, -22.423543024999958, 0.0 ], [ -42.132921118999946, -22.424349334999931, 0.0 ], [ -42.13243009599995, -22.426124840999933, 0.0 ], [ -42.131459289999952, -22.426671030999955, 0.0 ], [ -42.127115155999945, -22.421980749999932, 0.0 ], [ -42.127015567999933, -22.420580350999955, 0.0 ], [ -42.128764596999929, -22.420278866999979, 0.0 ], [ -42.127858137999965, -22.419307581999931, 0.0 ], [ -42.126658616999975, -22.419448754999962, 0.0 ], [ -42.125879888999975, -22.418026297999972, 0.0 ], [ -42.124656708999964, -22.418567956999937, 0.0 ], [ -42.123217870999952, -22.417321544999936, 0.0 ], [ -42.121514214999934, -22.419122350999942, 0.0 ], [ -42.114384530999985, -22.41827882299998, 0.0 ], [ -42.10948670199997, -22.420131344999959, 0.0 ], [ -42.107009628999947, -22.419660378999936, 0.0 ], [ -42.104605843999934, -22.420255066999971, 0.0 ], [ -42.101015596999957, -22.41724637599998, 0.0 ], [ -42.097922124999968, -22.416741879999961, 0.0 ], [ -42.098769668999978, -22.420765338999956, 0.0 ], [ -42.097266512999965, -22.421732357999929, 0.0 ], [ -42.096171678999951, -22.417993038999953, 0.0 ], [ -42.094057986999985, -22.418468060999942, 0.0 ], [ -42.090270025999985, -22.416988359999948, 0.0 ], [ -42.090461058999949, -22.420769984999936, 0.0 ], [ -42.089604366999936, -22.421829689999981, 0.0 ], [ -42.087905269999965, -22.422788269999955, 0.0 ], [ -42.08195156599993, -22.423376275999942, 0.0 ], [ -42.079692508999983, -22.425901644999954, 0.0 ], [ -42.082005748999961, -22.426765591999981, 0.0 ], [ -42.085971846999939, -22.425391066999964, 0.0 ], [ -42.089708181999981, -22.425714733999939, 0.0 ], [ -42.090992720999964, -22.428001474999974, 0.0 ], [ -42.084291515999951, -22.431006929999967, 0.0 ], [ -42.083364017999941, -22.43022607599994, 0.0 ], [ -42.078998257999956, -22.433405633999939, 0.0 ], [ -42.073723427999937, -22.429638607999948, 0.0 ], [ -42.071227047999969, -22.431593453999938, 0.0 ], [ -42.068968871999971, -22.429083434999939, 0.0 ], [ -42.070993055999963, -22.427306883999961, 0.0 ], [ -42.070504788999983, -22.426352901999962, 0.0 ], [ -42.066668480999965, -22.426692776999971, 0.0 ], [ -42.067580303999932, -22.425228660999949, 0.0 ], [ -42.068276125999944, -22.419155108999973, 0.0 ], [ -42.069373362999954, -22.418765703999952, 0.0 ], [ -42.069546704999937, -22.417131542999982, 0.0 ], [ -42.064370255999961, -22.419492169999955, 0.0 ], [ -42.063850768999941, -22.419125115999975, 0.0 ], [ -42.064242485999955, -22.415936465999948, 0.0 ], [ -42.061705134999954, -22.416493525999954, 0.0 ], [ -42.058860803999949, -22.415126757999928, 0.0 ], [ -42.060551871999962, -22.409929620999947, 0.0 ], [ -42.05423086899998, -22.406631284999946, 0.0 ], [ -42.05392735099997, -22.403774751999947, 0.0 ], [ -42.053249311999934, -22.403891242999975, 0.0 ], [ -42.051671241999941, -22.401510778999977, 0.0 ], [ -42.047343800999954, -22.399724367999966, 0.0 ], [ -42.047422463999965, -22.401739214999964, 0.0 ], [ -42.04525270299996, -22.402638898999953, 0.0 ], [ -42.043068455999958, -22.401331054999957, 0.0 ], [ -42.03850663299994, -22.401386063999951, 0.0 ], [ -42.038584286999935, -22.397175378999975, 0.0 ], [ -42.036373970999932, -22.395200273999933, 0.0 ], [ -42.036161207999953, -22.394433188999983, 0.0 ], [ -42.037423518999958, -22.393779881999933, 0.0 ], [ -42.036650326999961, -22.392969040999958, 0.0 ], [ -42.03397406299996, -22.39316841599998, 0.0 ], [ -42.030208737999942, -22.391626145999965, 0.0 ], [ -42.030292514999985, -22.393004442999938, 0.0 ], [ -42.026430080999944, -22.390829078999957, 0.0 ], [ -42.027402453999969, -22.389679268999942, 0.0 ], [ -42.026247852999973, -22.386086238999951, 0.0 ], [ -42.027359403999981, -22.384692382999958, 0.0 ], [ -42.025516760999949, -22.384999988999937, 0.0 ], [ -42.025030113999946, -22.384417479999968, 0.0 ], [ -42.026974965999955, -22.381417363999958, 0.0 ], [ -42.027885044999948, -22.381456994999951, 0.0 ], [ -42.029455540999948, -22.378223162999973, 0.0 ], [ -42.025984459999961, -22.378152082999975, 0.0 ], [ -42.024414518999947, -22.376766175999933, 0.0 ], [ -42.025585608999961, -22.375796056999945, 0.0 ], [ -42.027068311999983, -22.376006002999929, 0.0 ], [ -42.02935735899996, -22.373573440999962, 0.0 ], [ -42.028267425999957, -22.371572896999965, 0.0 ], [ -42.026624909999953, -22.370307654999976, 0.0 ], [ -42.024919730999954, -22.370418684999947, 0.0 ], [ -42.021581053999967, -22.367489320999937, 0.0 ] ] ] } },
{ "type": "Feature", "properties": { "id": "559", "Name": "RESEX Federal — Arraial Do Cabo", "description": null, "timestamp": null, "begin": null, "end": null, "altitudeMode": null, "tessellate": -1, "extrude": 0, "visibility": -1, "drawOrder": null, "icon": null, "globalid": "{E466D691-E88B-4977-BCBE-5BE5D126B3EC}", "nome_uc": "RESEX Federal — Arraial Do Cabo", "jurisdicao": "Federal", "tipo": "Uso Sustentável", "categoria": "RESEX", "area_ha": "51677.3858102", "mun_abrang": "Arraial Do Cabo, Araruama, Cabo Frio.", "bioma_ibge": "Mata Atlântica", "ato_criaca": "DEC S/N, de 03/01/1997" }, "geometry": { "type": "Polygon", "coordinates": [ [ [ -41.925056279999978, -22.933332441999937, 0.0 ], [ -41.925056279999978, -23.066665647999969, 0.0 ], [ -42.300611318999984, -23.066665647999969, 0.0 ], [ -42.300611318999984, -22.939167021999936, 0.0 ], [ -42.242154897999967, -22.941537855999968, 0.0 ], [ -42.156671346999985, -22.947229383999968, 0.0 ], [ -42.081910909999976, -22.954225538999935, 0.0 ], [ -42.065238774999955, -22.95736312799994, 0.0 ], [ -42.048112691999961, -22.961740492999979, 0.0 ], [ -42.042301000999942, -22.964202879999959, 0.0 ], [ -42.037580312999978, -22.967342375999976, 0.0 ], [ -42.032388509999976, -22.972846983999943, 0.0 ], [ -42.031923116999963, -22.976995466999938, 0.0 ], [ -42.034038365999947, -22.978023527999937, 0.0 ], [ -42.031108678999942, -22.979806898999982, 0.0 ], [ -42.029718221999985, -22.982269286999951, 0.0 ], [ -42.025440038999932, -22.98147010699995, 0.0 ], [ -42.021436513999959, -22.98178863399994, 0.0 ], [ -42.017133534999971, -22.985780715999965, 0.0 ], [ -42.016467870999975, -22.988035200999946, 0.0 ], [ -42.01690846799994, -22.990539549999937, 0.0 ], [ -42.014779866999959, -22.99098777699993, 0.0 ], [ -42.015231908999965, -22.994554519999951, 0.0 ], [ -42.013473332999979, -22.997016906999932, 0.0 ], [ -42.012725652999961, -22.995605467999951, 0.0 ], [ -42.01423817999995, -22.993438719999972, 0.0 ], [ -42.013423741999929, -22.992422102999967, 0.0 ], [ -42.012925923999944, -22.987827299999935, 0.0 ], [ -42.009574712999949, -22.985727308999969, 0.0 ], [ -42.008718312999974, -22.983078001999957, 0.0 ], [ -42.01107198099993, -22.980978010999934, 0.0 ], [ -42.010881246999929, -22.979425428999946, 0.0 ], [ -42.013187230999961, -22.978878020999957, 0.0 ], [ -42.016822637999951, -22.979927062999934, 0.0 ], [ -42.019651235999959, -22.979206083999941, 0.0 ], [ -42.020864308999933, -22.976011274999962, 0.0 ], [ -42.020221532999983, -22.971065519999968, 0.0 ], [ -42.018804372999966, -22.969379423999953, 0.0 ], [ -42.016355336999936, -22.970882414999949, 0.0 ], [ -42.012168706999944, -22.970855712999935, 0.0 ], [ -42.012096227999962, -22.969587324999964, 0.0 ], [ -42.01664716199997, -22.967832563999934, 0.0 ], [ -42.01552182599994, -22.965368269999942, 0.0 ], [ -42.013297856999941, -22.96365356299998, 0.0 ], [ -42.012233556999945, -22.963268278999976, 0.0 ], [ -42.00989323999994, -22.964756011999953, 0.0 ], [ -42.007440389999942, -22.964651106999952, 0.0 ], [ -42.004094899999984, -22.968502043999933, 0.0 ], [ -42.003181279999978, -22.964914320999981, 0.0 ], [ -41.997690022999961, -22.963840484999935, 0.0 ], [ -41.996091664999938, -22.961984633999975, 0.0 ], [ -41.999996007999982, -22.959388732999969, 0.0 ], [ -42.003440679999983, -22.960067748999961, 0.0 ], [ -42.004440129999978, -22.962299345999952, 0.0 ], [ -42.006887258999939, -22.963109969999948, 0.0 ], [ -42.009597600999939, -22.961051940999937, 0.0 ], [ -42.010215581999944, -22.959236144999977, 0.0 ], [ -42.008909047999964, -22.957529067999928, 0.0 ], [ -42.008836568999982, -22.954071043999932, 0.0 ], [ -42.003738225999939, -22.951717375999976, 0.0 ], [ -42.004485906999946, -22.950689314999977, 0.0 ], [ -42.006196797999962, -22.952527998999983, 0.0 ], [ -42.010177434999946, -22.952909469999952, 0.0 ], [ -42.012677968999981, -22.95443153399998, 0.0 ], [ -42.01639920599996, -22.957975387999966, 0.0 ], [ -42.016910375999942, -22.960130690999961, 0.0 ], [ -42.020229161999964, -22.962133407999943, 0.0 ], [ -42.023914159999947, -22.960628508999946, 0.0 ], [ -42.027654470999948, -22.955896376999931, 0.0 ], [ -42.025829137999949, -22.954021453999928, 0.0 ], [ -42.024764836999964, -22.950624464999976, 0.0 ], [ -42.025771916999929, -22.948980329999927, 0.0 ], [ -42.024688542999968, -22.947122572999945, 0.0 ], [ -42.027976811999963, -22.947420118999958, 0.0 ], [ -42.029023946999985, -22.946371076999981, 0.0 ], [ -42.031343282999956, -22.947229383999968, 0.0 ], [ -42.033510030999935, -22.946325300999945, 0.0 ], [ -42.03744489099995, -22.93706703099997, 0.0 ], [ -42.037919820999946, -22.933851240999957, 0.0 ], [ -41.925056279999978, -22.933332441999937, 0.0 ] ] ] } },
{ "type": "Feature", "properties": { "id": "575", "Name": "PARNA Federal — Teresópolis", "description": null, "timestamp": null, "begin": null, "end": null, "altitudeMode": null, "tessellate": -1, "extrude": 0, "visibility": -1, "drawOrder": null, "icon": null, "globalid": "{447A273E-D333-49B4-BB76-D7B3535DEBA8}", "nome_uc": "PARNA Federal — Teresópolis", "jurisdicao": "Federal", "tipo": "Proteção Integral", "categoria": "PARNA", "area_ha": "20020.7460505", "mun_abrang": "Teresópolis, Petrópolis, Magé, Guapimirim.", "bioma_ibge": "Mata Atlântica", "ato_criaca": "DEC 1.822, de 30/11/1939 ;DEC 90.023, de 02/08/1984 ;DEC S/N, de 13/09/2008" }, "geometry": { "type": "Polygon", "coordinates": [ [ [ -43.044519806999972, -22.530242612999928, 0.0 ], [ -43.044512787999963, -22.533861976999958, 0.0 ], [ -43.04163889299997, -22.533866278999938, 0.0 ], [ -43.040902198999959, -22.534825725999951, 0.0 ], [ -43.043287450999969, -22.537238686999956, 0.0 ], [ -43.04502879599994, -22.536783939999964, 0.0 ], [ -43.044992803999946, -22.540679549999936, 0.0 ], [ -43.04587559099997, -22.541707563999978, 0.0 ], [ -43.045427890999974, -22.543092594999962, 0.0 ], [ -43.052892477999933, -22.547312696999938, 0.0 ], [ -43.064171282999951, -22.545066216999942, 0.0 ], [ -43.064153721999958, -22.54357704499995, 0.0 ], [ -43.066670019999947, -22.537874852999948, 0.0 ], [ -43.065674658999967, -22.534124677999955, 0.0 ], [ -43.063854216999971, -22.531030163999958, 0.0 ], [ -43.070583262999946, -22.530475001999946, 0.0 ], [ -43.07130004499993, -22.529576081999949, 0.0 ], [ -43.073922425999967, -22.529179554999928, 0.0 ], [ -43.075414571999943, -22.540526861999979, 0.0 ], [ -43.078466024999955, -22.541498193999928, 0.0 ], [ -43.084499913999935, -22.541727237999964, 0.0 ], [ -43.08809416899993, -22.541000682999936, 0.0 ], [ -43.089961679999931, -22.541966072999969, 0.0 ], [ -43.08371417099994, -22.546172050999928, 0.0 ], [ -43.081524755999965, -22.546047144999932, 0.0 ], [ -43.08093708499996, -22.54700838499997, 0.0 ], [ -43.086040450999974, -22.552052776999972, 0.0 ], [ -43.085390540999981, -22.557273566999982, 0.0 ], [ -43.093623282999943, -22.559891093999966, 0.0 ], [ -43.094377263999945, -22.56375421499996, 0.0 ], [ -43.092697582999961, -22.566935738999973, 0.0 ], [ -43.09588133099993, -22.569995614999982, 0.0 ], [ -43.095658124999943, -22.572808773999952, 0.0 ], [ -43.100379037999971, -22.574316492999969, 0.0 ], [ -43.113005271999953, -22.582890435999957, 0.0 ], [ -43.120528168999954, -22.583227011999952, 0.0 ], [ -43.12394246599996, -22.585147847999963, 0.0 ], [ -43.126870375999943, -22.58486944699996, 0.0 ], [ -43.125037844999952, -22.582955462999962, 0.0 ], [ -43.122785120999936, -22.576343622999957, 0.0 ], [ -43.120469311999955, -22.573510523999971, 0.0 ], [ -43.11996021799996, -22.571550316999947, 0.0 ], [ -43.114408351999941, -22.566609192999977, 0.0 ], [ -43.11409240699993, -22.563937710999937, 0.0 ], [ -43.118238994999956, -22.564750755999967, 0.0 ], [ -43.122855242999947, -22.569956140999977, 0.0 ], [ -43.128469365999933, -22.571814891999963, 0.0 ], [ -43.132277603999967, -22.56987818999994, 0.0 ], [ -43.133460593999985, -22.570058108999945, 0.0 ], [ -43.133790503999933, -22.569172727999955, 0.0 ], [ -43.136283600999946, -22.570181877999971, 0.0 ], [ -43.135615503999929, -22.572067795999942, 0.0 ], [ -43.133308602999932, -22.574042909999946, 0.0 ], [ -43.132086376999951, -22.576316662999943, 0.0 ], [ -43.133196418999944, -22.578024789999972, 0.0 ], [ -43.139420719999976, -22.576756840999963, 0.0 ], [ -43.146404701999984, -22.580559449999953, 0.0 ], [ -43.150533766999956, -22.581153598999947, 0.0 ], [ -43.156775259999961, -22.579562948999978, 0.0 ], [ -43.161564594999959, -22.579608884999971, 0.0 ], [ -43.166661057999931, -22.572694873999978, 0.0 ], [ -43.168328306999967, -22.569134003999977, 0.0 ], [ -43.167181791999951, -22.564966024999933, 0.0 ], [ -43.168199993999963, -22.563993839999966, 0.0 ], [ -43.178457195999954, -22.562814045999971, 0.0 ], [ -43.180939818999946, -22.559201283999982, 0.0 ], [ -43.180559607999953, -22.55486751799998, 0.0 ], [ -43.178936144999966, -22.551994404999959, 0.0 ], [ -43.179644782999958, -22.550291763999951, 0.0 ], [ -43.177503893999983, -22.548818186999938, 0.0 ], [ -43.175516307999942, -22.545866147999959, 0.0 ], [ -43.174570825999979, -22.541987608999932, 0.0 ], [ -43.168279462999976, -22.538159593999978, 0.0 ], [ -43.161320128999932, -22.531737431999943, 0.0 ], [ -43.150326568999958, -22.526832036999963, 0.0 ], [ -43.150369982999962, -22.523571827999945, 0.0 ], [ -43.138968396999985, -22.522703847999935, 0.0 ], [ -43.124734635999971, -22.526473112999952, 0.0 ], [ -43.118992512999966, -22.523371894999968, 0.0 ], [ -43.121650676999934, -22.519827081999949, 0.0 ], [ -43.120129420999945, -22.519834727999978, 0.0 ], [ -43.119118029999981, -22.51882797199994, 0.0 ], [ -43.120003950999944, -22.51639982699993, 0.0 ], [ -43.121301193999955, -22.516075851999972, 0.0 ], [ -43.120494393999934, -22.514494916999979, 0.0 ], [ -43.120427181999958, -22.505547048999972, 0.0 ], [ -43.124356563999982, -22.500934700999949, 0.0 ], [ -43.126784863999944, -22.494110220999971, 0.0 ], [ -43.131806577999953, -22.489291604999949, 0.0 ], [ -43.139285883999946, -22.488677011999982, 0.0 ], [ -43.14211071099993, -22.486398463999933, 0.0 ], [ -43.14484312299993, -22.485838654999952, 0.0 ], [ -43.145595884999977, -22.480951446999939, 0.0 ], [ -43.147858295999981, -22.48044327599996, 0.0 ], [ -43.149866086999964, -22.478577822999966, 0.0 ], [ -43.14857871199996, -22.475738620999948, 0.0 ], [ -43.146833682999954, -22.475696138999979, 0.0 ], [ -43.140966259999971, -22.473242091999964, 0.0 ], [ -43.137110135999933, -22.474906974999953, 0.0 ], [ -43.135451057999944, -22.476762304999966, 0.0 ], [ -43.134161519999964, -22.476247290999936, 0.0 ], [ -43.132596540999941, -22.473633553999946, 0.0 ], [ -43.132482522999965, -22.470296709999957, 0.0 ], [ -43.122003241999948, -22.468118207999964, 0.0 ], [ -43.123570193999967, -22.464133162999929, 0.0 ], [ -43.122599935999972, -22.461715950999974, 0.0 ], [ -43.11770865799997, -22.460236588999976, 0.0 ], [ -43.114074542999958, -22.457026174999953, 0.0 ], [ -43.109738270999969, -22.457686277999983, 0.0 ], [ -43.105518335999932, -22.454110077999928, 0.0 ], [ -43.105576588999952, -22.447502124999971, 0.0 ], [ -43.099107647999972, -22.448766797999951, 0.0 ], [ -43.094134587999974, -22.454408219999948, 0.0 ], [ -43.091398646999949, -22.454880663999973, 0.0 ], [ -43.082774890999985, -22.451756958999965, 0.0 ], [ -43.083262332999936, -22.45035026599993, 0.0 ], [ -43.084661818999962, -22.44942847599998, 0.0 ], [ -43.085907849999955, -22.448741888999962, 0.0 ], [ -43.087047737999967, -22.449171035999939, 0.0 ], [ -43.090144600999963, -22.44520989199998, 0.0 ], [ -43.096629292999978, -22.443369020999967, 0.0 ], [ -43.099631382999974, -22.440044465999961, 0.0 ], [ -43.098971315999961, -22.438352021999947, 0.0 ], [ -43.097310375999939, -22.438187825999933, 0.0 ], [ -43.089867827999967, -22.434043961999976, 0.0 ], [ -43.087049825999941, -22.434595222999974, 0.0 ], [ -43.075337196999953, -22.429137069999967, 0.0 ], [ -43.07204629599994, -22.430007920999969, 0.0 ], [ -43.069854741999961, -22.431810889999952, 0.0 ], [ -43.070828241999948, -22.436597680999967, 0.0 ], [ -43.070202826999946, -22.439075084999956, 0.0 ], [ -43.067283890999931, -22.437507536999931, 0.0 ], [ -43.065444373999981, -22.43439148799996, 0.0 ], [ -43.061927552999975, -22.433045132999951, 0.0 ], [ -43.05757929899994, -22.43373558299993, 0.0 ], [ -43.051491151999983, -22.436676447999957, 0.0 ], [ -43.047405684999944, -22.436526231999949, 0.0 ], [ -43.040289605999931, -22.434613314999979, 0.0 ], [ -43.039075534999938, -22.43191272599995, 0.0 ], [ -43.04541588099994, -22.428385935999927, 0.0 ], [ -43.045939731999965, -22.42674905299998, 0.0 ], [ -43.045212099999958, -22.425653876999945, 0.0 ], [ -43.04677090499996, -22.418015060999949, 0.0 ], [ -43.049984199999983, -22.418201103999934, 0.0 ], [ -43.052759545999947, -22.414909149999971, 0.0 ], [ -43.049213508999969, -22.412807297999962, 0.0 ], [ -43.049365991999935, -22.40890603899993, 0.0 ], [ -43.048366187999932, -22.407405845999961, 0.0 ], [ -43.04863045299993, -22.409236964999934, 0.0 ], [ -43.046460655999965, -22.41075122999996, 0.0 ], [ -43.045777123999983, -22.410514835999948, 0.0 ], [ -43.04566147099996, -22.408872992999932, 0.0 ], [ -43.041045315999952, -22.40991837699994, 0.0 ], [ -43.040618126999959, -22.401684538999973, 0.0 ], [ -43.030342164999979, -22.392622003999975, 0.0 ], [ -43.028330964999952, -22.392381324999974, 0.0 ], [ -43.024491121999972, -22.395432785999958, 0.0 ], [ -43.020909035999978, -22.396685945999934, 0.0 ], [ -43.017763124999931, -22.399961885999971, 0.0 ], [ -43.017414389999942, -22.402695661999928, 0.0 ], [ -43.023341333999952, -22.405506317999937, 0.0 ], [ -43.024393425999961, -22.407824916999971, 0.0 ], [ -43.028336944999978, -22.411781554999948, 0.0 ], [ -43.025864819999981, -22.41331835099993, 0.0 ], [ -43.023394702999951, -22.413338717999977, 0.0 ], [ -43.021624068999984, -22.416018903999941, 0.0 ], [ -43.021686645999978, -22.423054991999948, 0.0 ], [ -43.019411950999938, -22.429665583999963, 0.0 ], [ -43.010000523999963, -22.429522875999965, 0.0 ], [ -43.009685468999976, -22.425098641999966, 0.0 ], [ -43.006252434999965, -22.424504185999979, 0.0 ], [ -43.003515893999975, -22.420329875999983, 0.0 ], [ -42.998876881999934, -22.422847066999964, 0.0 ], [ -42.995988152999985, -22.421343071999956, 0.0 ], [ -42.991981546999966, -22.422623802999965, 0.0 ], [ -42.991871862999972, -22.427121549999981, 0.0 ], [ -42.989671216999966, -22.427290654999979, 0.0 ], [ -42.988415155999974, -22.429022963999955, 0.0 ], [ -42.986775603999945, -22.429442378999966, 0.0 ], [ -42.986612676999982, -22.430682028999968, 0.0 ], [ -42.988451857999962, -22.431491746999939, 0.0 ], [ -42.992570218999958, -22.431527881999955, 0.0 ], [ -42.994773308999982, -22.43014399599997, 0.0 ], [ -42.997845874999939, -22.431085493999944, 0.0 ], [ -42.99803729599995, -22.432794226999931, 0.0 ], [ -42.996174044999975, -22.434101066999972, 0.0 ], [ -42.991852649999942, -22.434324819999972, 0.0 ], [ -42.989924142999939, -22.436096416999931, 0.0 ], [ -42.988059027999952, -22.436247143999935, 0.0 ], [ -42.99406930899994, -22.439723357999981, 0.0 ], [ -42.995884381999986, -22.439921668999943, 0.0 ], [ -42.99654590199998, -22.441475639999965, 0.0 ], [ -42.993270628999937, -22.441889041999957, 0.0 ], [ -42.991611, -22.440643463999947, 0.0 ], [ -42.991262214999949, -22.442416829999956, 0.0 ], [ -42.992208926999979, -22.444337122999968, 0.0 ], [ -42.994577801999981, -22.44518048599997, 0.0 ], [ -42.99369287199994, -22.447447619999934, 0.0 ], [ -42.994950127999971, -22.448322232999942, 0.0 ], [ -42.994824244999961, -22.450029527999959, 0.0 ], [ -42.996671893999974, -22.452109825999969, 0.0 ], [ -42.999496205999947, -22.453460549999932, 0.0 ], [ -43.000032006999959, -22.454790701999968, 0.0 ], [ -42.997292243999937, -22.45523219699993, 0.0 ], [ -42.997030135999978, -22.456279970999958, 0.0 ], [ -42.994985148999945, -22.455486233999977, 0.0 ], [ -42.992655318999937, -22.453300604999981, 0.0 ], [ -42.992465046999939, -22.451542374999974, 0.0 ], [ -42.989504439999962, -22.448967147999952, 0.0 ], [ -42.985878843999956, -22.44766229499993, 0.0 ], [ -42.983379297999932, -22.448193142999969, 0.0 ], [ -42.982774647999975, -22.449954038999977, 0.0 ], [ -42.985396211999955, -22.449791151999932, 0.0 ], [ -42.98673361699997, -22.45128669199994, 0.0 ], [ -42.98534650299996, -22.454858626999965, 0.0 ], [ -42.986223613999982, -22.456825724999931, 0.0 ], [ -42.988984800999958, -22.459430452999982, 0.0 ], [ -42.988855032999936, -22.461018134999961, 0.0 ], [ -42.987980461999939, -22.46126688499993, 0.0 ], [ -42.988246842999956, -22.463003986999979, 0.0 ], [ -42.986335413999939, -22.465344525999967, 0.0 ], [ -42.988305802999946, -22.471625287999927, 0.0 ], [ -42.988522358999944, -22.476501981999945, 0.0 ], [ -42.984915706999971, -22.483222311999953, 0.0 ], [ -42.982287174999954, -22.484547346999932, 0.0 ], [ -42.981199238999977, -22.490601620999939, 0.0 ], [ -42.980529558999933, -22.491138901999932, 0.0 ], [ -42.984398337999949, -22.498667080999951, 0.0 ], [ -42.98559404599996, -22.499520376999953, 0.0 ], [ -42.984836892999965, -22.500876521999942, 0.0 ], [ -42.985243081999954, -22.501676604999943, 0.0 ], [ -42.986962880999954, -22.50185857799994, 0.0 ], [ -42.988158945999942, -22.500436801999967, 0.0 ], [ -42.992371968999976, -22.500264886999958, 0.0 ], [ -42.994120444999965, -22.496743096999978, 0.0 ], [ -42.995452016999934, -22.497660818999975, 0.0 ], [ -42.995123502999945, -22.498068088999958, 0.0 ], [ -42.997062515999971, -22.497740656999952, 0.0 ], [ -42.997301044999972, -22.499118435999947, 0.0 ], [ -43.002751725999985, -22.499515509999981, 0.0 ], [ -43.006218817999979, -22.50230062299994, 0.0 ], [ -43.008770442999946, -22.506553875999941, 0.0 ], [ -43.012577344999954, -22.508945904999962, 0.0 ], [ -43.012473413999942, -22.51147362699993, 0.0 ], [ -43.013731550999978, -22.512890724999977, 0.0 ], [ -43.017899676999946, -22.513440110999966, 0.0 ], [ -43.017915825999978, -22.517932353999981, 0.0 ], [ -43.01643123599996, -22.526208597999982, 0.0 ], [ -43.026336121999975, -22.527653832999931, 0.0 ], [ -43.031746358999953, -22.527218146999928, 0.0 ], [ -43.038353145999963, -22.531403885999964, 0.0 ], [ -43.04071550599997, -22.530246987999931, 0.0 ], [ -43.044519806999972, -22.530242612999928, 0.0 ] ] ] } },
{ "type": "Feature", "properties": { "id": "591", "Name": "ESEC Federal — Guapimirim", "description": null, "timestamp": null, "begin": null, "end": null, "altitudeMode": null, "tessellate": -1, "extrude": 0, "visibility": -1, "drawOrder": null, "icon": null, "globalid": "{0D1D2959-FD99-466C-97BF-B976C332AF85}", "nome_uc": "ESEC Federal — Guapimirim", "jurisdicao": "Federal", "tipo": "Proteção Integral", "categoria": "ESEC", "area_ha": "1936.24748246", "mun_abrang": "Guapimirim, Itaboraí, São Gonçalo.", "bioma_ibge": "Mata Atlântica", "ato_criaca": "DEC S/N de 15/02/2006" }, "geometry": { "type": "Polygon", "coordinates": [ [ [ -43.034356977999948, -22.693492786999968, 0.0 ], [ -43.029269648999957, -22.692195345999949, 0.0 ], [ -43.024429622999946, -22.694255360999932, 0.0 ], [ -43.022239592999938, -22.692515343999958, 0.0 ], [ -43.023059598999964, -22.689915332999931, 0.0 ], [ -43.020399574999942, -22.688575345999936, 0.0 ], [ -43.018969570999957, -22.691375361999974, 0.0 ], [ -43.016791955999963, -22.691059809999956, 0.0 ], [ -43.001252768999962, -22.697995445999936, 0.0 ], [ -43.006530626999961, -22.715217720999931, 0.0 ], [ -42.99911948099998, -22.719145543999957, 0.0 ], [ -42.996389455999974, -22.721975574999931, 0.0 ], [ -42.994969445999971, -22.726365599999951, 0.0 ], [ -42.990697203999957, -22.727995620999934, 0.0 ], [ -42.993579462999946, -22.735615637999956, 0.0 ], [ -42.99656949499996, -22.733755630999951, 0.0 ], [ -42.999515853999981, -22.733978674999946, 0.0 ], [ -43.001559546999943, -22.735315614999934, 0.0 ], [ -43.000729552999985, -22.737855647999936, 0.0 ], [ -43.001239550999969, -22.738385641999969, 0.0 ], [ -43.005619575999958, -22.738255616999936, 0.0 ], [ -43.009059603999958, -22.736575609999932, 0.0 ], [ -43.010889622999969, -22.736555604999978, 0.0 ], [ -43.012249648999955, -22.737675615999933, 0.0 ], [ -43.013329653999961, -22.741105620999974, 0.0 ], [ -43.018459708999956, -22.743385613999976, 0.0 ], [ -43.021819732999973, -22.740555603999951, 0.0 ], [ -43.024249760999965, -22.740285581999956, 0.0 ], [ -43.027508586999943, -22.742460618999928, 0.0 ], [ -43.027999800999964, -22.744895595999935, 0.0 ], [ -43.029519830999959, -22.74638559899995, 0.0 ], [ -43.03295180899994, -22.746918192999942, 0.0 ], [ -43.034655875999931, -22.742775737999978, 0.0 ], [ -43.033015449999937, -22.733891998999979, 0.0 ], [ -43.033089451999956, -22.728726343999938, 0.0 ], [ -43.037114975999941, -22.71671914999996, 0.0 ], [ -43.037819659999968, -22.698886791999939, 0.0 ], [ -43.034356977999948, -22.693492786999968, 0.0 ] ] ] } },
{ "type": "Feature", "properties": { "id": "607", "Name": "REBIO Federal — Silva Jardim", "description": null, "timestamp": null, "begin": null, "end": null, "altitudeMode": null, "tessellate": -1, "extrude": 0, "visibility": -1, "drawOrder": null, "icon": null, "globalid": "{5867B8D8-56E3-4CE1-B3DA-4C0CD1A8A79B}", "nome_uc": "REBIO Federal — Silva Jardim", "jurisdicao": "Federal", "tipo": "Proteção Integral", "categoria": "REBIO", "area_ha": "5052.53351637", "mun_abrang": "Silva Jardim, Casimiro De Abreu.", "bioma_ibge": "Mata Atlântica", "ato_criaca": "DEC  73.791 de 11/03/1974; DEC  76.534 de 13/11/1975" }, "geometry": { "type": "Polygon", "coordinates": [ [ [ -42.266205186999969, -22.499767725999959, 0.0 ], [ -42.26443894199997, -22.499908873999971, 0.0 ], [ -42.26428257699996, -22.501553015999946, 0.0 ], [ -42.262321803999953, -22.503174274999935, 0.0 ], [ -42.261444431999962, -22.507109158999981, 0.0 ], [ -42.263603571999965, -22.511250021999956, 0.0 ], [ -42.263473903999966, -22.51782658999997, 0.0 ], [ -42.26582376999994, -22.51871732799998, 0.0 ], [ -42.266106058999981, -22.519569911999952, 0.0 ], [ -42.264587808999977, -22.521429589999968, 0.0 ], [ -42.263859218999983, -22.525925248999954, 0.0 ], [ -42.262783463999938, -22.526571848999936, 0.0 ], [ -42.262676638999949, -22.525929069999961, 0.0 ], [ -42.261398713999938, -22.526032055999963, 0.0 ], [ -42.260883713999931, -22.527103990999933, 0.0 ], [ -42.260696800999938, -22.528818681999951, 0.0 ], [ -42.261654324999938, -22.528826338999977, 0.0 ], [ -42.262573647999943, -22.530808060999959, 0.0 ], [ -42.261749678999934, -22.531801813999948, 0.0 ], [ -42.258079910999982, -22.53244841999998, 0.0 ], [ -42.256317505999959, -22.53189146699998, 0.0 ], [ -42.254185064999945, -22.533184666999944, 0.0 ], [ -42.254825948999951, -22.537401832999933, 0.0 ], [ -42.252064108999946, -22.544464792999975, 0.0 ], [ -42.250454310999942, -22.546952000999966, 0.0 ], [ -42.245342575999985, -22.551649836999957, 0.0 ], [ -42.233200359999955, -22.578646603999971, 0.0 ], [ -42.230835250999974, -22.580397575999939, 0.0 ], [ -42.245132880999961, -22.58882234999993, 0.0 ], [ -42.249775401999955, -22.588932955999951, 0.0 ], [ -42.261211973999934, -22.58625307899996, 0.0 ], [ -42.271385857999974, -22.587216277999971, 0.0 ], [ -42.27098910899997, -22.586363695999978, 0.0 ], [ -42.27211445699993, -22.585635068999977, 0.0 ], [ -42.272984220999945, -22.583514084999933, 0.0 ], [ -42.275437088999979, -22.583399640999971, 0.0 ], [ -42.278626190999944, -22.580849495999928, 0.0 ], [ -42.279659994999975, -22.581740239999931, 0.0 ], [ -42.281452919999936, -22.580607249999957, 0.0 ], [ -42.283310692999976, -22.581288186999927, 0.0 ], [ -42.284455110999943, -22.580633948999946, 0.0 ], [ -42.285469821999982, -22.581324408999933, 0.0 ], [ -42.28789980099998, -22.58030206199993, 0.0 ], [ -42.289143407999973, -22.580778873999975, 0.0 ], [ -42.289440964999983, -22.580004498999983, 0.0 ], [ -42.291306353999971, -22.580599588999974, 0.0 ], [ -42.293187, -22.576355711999952, 0.0 ], [ -42.293019146999939, -22.574673407999967, 0.0 ], [ -42.294232226999952, -22.574322480999967, 0.0 ], [ -42.293831681999961, -22.573328732999983, 0.0 ], [ -42.296666044999938, -22.572586782999963, 0.0 ], [ -42.298615370999983, -22.573797945999956, 0.0 ], [ -42.298870946999955, -22.572338812999931, 0.0 ], [ -42.300389203999941, -22.572733620999941, 0.0 ], [ -42.299946700999953, -22.571394675999954, 0.0 ], [ -42.302487299999939, -22.570608839999977, 0.0 ], [ -42.302029543999936, -22.568552678999936, 0.0 ], [ -42.303921636999974, -22.56889221299997, 0.0 ], [ -42.30442136399995, -22.568165497999928, 0.0 ], [ -42.303257873999939, -22.56780118699993, 0.0 ], [ -42.304490021999982, -22.566765501999953, 0.0 ], [ -42.305825178999953, -22.567373934999978, 0.0 ], [ -42.305874767999967, -22.565642060999949, 0.0 ], [ -42.308201764999978, -22.564612077999982, 0.0 ], [ -42.310486784999966, -22.564711257999932, 0.0 ], [ -42.309037187999934, -22.563526798999931, 0.0 ], [ -42.311745634999966, -22.562468198999966, 0.0 ], [ -42.31135272399996, -22.560614254999962, 0.0 ], [ -42.312802317999967, -22.560724868999955, 0.0 ], [ -42.313443182999947, -22.558235753999952, 0.0 ], [ -42.316407237999954, -22.558922414999927, 0.0 ], [ -42.316391968999937, -22.560570397999982, 0.0 ], [ -42.317200691999972, -22.561323769999944, 0.0 ], [ -42.317639391999933, -22.559799792999968, 0.0 ], [ -42.319932047999941, -22.559418314999959, 0.0 ], [ -42.320126598999934, -22.558329219999962, 0.0 ], [ -42.323033420999934, -22.557755094999948, 0.0 ], [ -42.323597994999943, -22.558510400999978, 0.0 ], [ -42.324795822999931, -22.557461349999983, 0.0 ], [ -42.326829056999941, -22.557194309999943, 0.0 ], [ -42.322087342999964, -22.554892150999933, 0.0 ], [ -42.317482945999984, -22.55053573999993, 0.0 ], [ -42.316639890999966, -22.545534652999947, 0.0 ], [ -42.310212055999955, -22.545910413999934, 0.0 ], [ -42.309315592999951, -22.542316959999937, 0.0 ], [ -42.307564612999954, -22.539442584999961, 0.0 ], [ -42.307522644999949, -22.535683164999966, 0.0 ], [ -42.309170612999935, -22.53590442199993, 0.0 ], [ -42.30793463699996, -22.53377201099994, 0.0 ], [ -42.308270328999981, -22.531610956999941, 0.0 ], [ -42.306942798999955, -22.528059460999941, 0.0 ], [ -42.303780346999929, -22.527451032999977, 0.0 ], [ -42.300488197999982, -22.508024576999958, 0.0 ], [ -42.295296349999944, -22.506433860999948, 0.0 ], [ -42.289410231999966, -22.509569583999962, 0.0 ], [ -42.28714427999995, -22.509355967999966, 0.0 ], [ -42.273487534999958, -22.505327661999956, 0.0 ], [ -42.267864604999943, -22.498514574999945, 0.0 ], [ -42.266205186999969, -22.499767725999959, 0.0 ] ] ] } },
{ "type": "Feature", "properties": { "id": "623", "Name": "REBIO Federal — Petrópolis", "description": null, "timestamp": null, "begin": null, "end": null, "altitudeMode": null, "tessellate": -1, "extrude": 0, "visibility": -1, "drawOrder": null, "icon": null, "globalid": "{E4311652-DC9D-45F7-AC04-F5D33AEDEFAA}", "nome_uc": "REBIO Federal — Petrópolis", "jurisdicao": "Federal", "tipo": "Proteção Integral", "categoria": "REBIO", "area_ha": "24812.9023593", "mun_abrang": "Petrópolis, Nova Iguaçu, Miguel Pereira, Duque De Caxias.", "bioma_ibge": "Mata Atlântica", "ato_criaca": "DEC  97.780 de 23/05/1989" }, "geometry": { "type": "Polygon", "coordinates": [ [ [ -43.53425, -22.654583332999948, 0.0 ], [ -43.539677432999952, -22.653501172999938, 0.0 ], [ -43.546767813999963, -22.655806790999975, 0.0 ], [ -43.548812884999961, -22.652600091999943, 0.0 ], [ -43.553620682999963, -22.650529622999954, 0.0 ], [ -43.55225063499995, -22.646982567999942, 0.0 ], [ -43.557555066999953, -22.639034605999939, 0.0 ], [ -43.557886615999962, -22.637273639999933, 0.0 ], [ -43.555041244999984, -22.634276683999929, 0.0 ], [ -43.554943289999983, -22.630229246999932, 0.0 ], [ -43.550309759999948, -22.621017053999935, 0.0 ], [ -43.551425846999962, -22.618906297999956, 0.0 ], [ -43.552680076999934, -22.61841555999996, 0.0 ], [ -43.551930063999976, -22.61469333399998, 0.0 ], [ -43.565438563999976, -22.601757258999953, 0.0 ], [ -43.561864724999964, -22.597377749999964, 0.0 ], [ -43.561969476999934, -22.595586748999949, 0.0 ], [ -43.563407993999931, -22.595446378999952, 0.0 ], [ -43.563633614999958, -22.597431789999973, 0.0 ], [ -43.566473475999942, -22.599925370999927, 0.0 ], [ -43.56893305899996, -22.59768259699996, 0.0 ], [ -43.570513432999974, -22.598971034999977, 0.0 ], [ -43.575585069999931, -22.596814308999967, 0.0 ], [ -43.577406380999946, -22.592385608999962, 0.0 ], [ -43.579978994999976, -22.590970732999949, 0.0 ], [ -43.578653792999944, -22.585609317999968, 0.0 ], [ -43.573962335999965, -22.583871044999967, 0.0 ], [ -43.572680059999982, -22.584109896999962, 0.0 ], [ -43.494828384999948, -22.553378475999978, 0.0 ], [ -43.492412264999984, -22.552232981999964, 0.0 ], [ -43.492162657999984, -22.550414265999962, 0.0 ], [ -43.489147829999979, -22.549884242999951, 0.0 ], [ -43.488272644999938, -22.55067285299998, 0.0 ], [ -43.485770470999967, -22.549494076999963, 0.0 ], [ -43.483737044999941, -22.545899560999942, 0.0 ], [ -43.472932969999931, -22.540241364999929, 0.0 ], [ -43.468490867999947, -22.544282186999965, 0.0 ], [ -43.467575353999962, -22.541098961999978, 0.0 ], [ -43.465218860999983, -22.538279486999954, 0.0 ], [ -43.462242080999943, -22.538210192999941, 0.0 ], [ -43.456687052999939, -22.531738641999937, 0.0 ], [ -43.446746312999949, -22.527043449999951, 0.0 ], [ -43.445458534999943, -22.524137322999934, 0.0 ], [ -43.443982280999933, -22.525040671999932, 0.0 ], [ -43.443973783999979, -22.527176908999934, 0.0 ], [ -43.442251218999957, -22.529396926999937, 0.0 ], [ -43.439810067999986, -22.530319565999946, 0.0 ], [ -43.434337782999933, -22.529728753999962, 0.0 ], [ -43.432380479999949, -22.532218787999966, 0.0 ], [ -43.425997264999978, -22.533697767999968, 0.0 ], [ -43.423552443999938, -22.534928372999957, 0.0 ], [ -43.422434154999962, -22.536566235999942, 0.0 ], [ -43.419413794999969, -22.537504376999948, 0.0 ], [ -43.417836442999942, -22.537094588999935, 0.0 ], [ -43.41485655699995, -22.534484495999948, 0.0 ], [ -43.412815060999947, -22.534177618999934, 0.0 ], [ -43.408723502999976, -22.530947103999949, 0.0 ], [ -43.404634075999979, -22.530906611999967, 0.0 ], [ -43.401554533999956, -22.53363601999996, 0.0 ], [ -43.388304638999955, -22.53163997799993, 0.0 ], [ -43.38735264099995, -22.530555131999961, 0.0 ], [ -43.384309069999972, -22.530166165999958, 0.0 ], [ -43.379762330999938, -22.52594365899995, 0.0 ], [ -43.380408445999933, -22.520556738999971, 0.0 ], [ -43.379694884999935, -22.519438407999928, 0.0 ], [ -43.374298472999953, -22.519025565999982, 0.0 ], [ -43.370992239999964, -22.52132196499997, 0.0 ], [ -43.368985305999956, -22.524670918999959, 0.0 ], [ -43.365235321999933, -22.525313896999933, 0.0 ], [ -43.353731794999931, -22.522580087999927, 0.0 ], [ -43.35089417699993, -22.521117314999969, 0.0 ], [ -43.344483786999945, -22.521625001999951, 0.0 ], [ -43.330924212999946, -22.518294951999962, 0.0 ], [ -43.329720659999964, -22.517321878999951, 0.0 ], [ -43.329392448999954, -22.515741385999945, 0.0 ], [ -43.33459870799993, -22.512676987999953, 0.0 ], [ -43.334345409999969, -22.510499312999968, 0.0 ], [ -43.331706766999957, -22.512853086999939, 0.0 ], [ -43.327066884999965, -22.510776379999982, 0.0 ], [ -43.325985935999938, -22.508108985999968, 0.0 ], [ -43.323199418999934, -22.505830334999928, 0.0 ], [ -43.318567010999971, -22.498222713999951, 0.0 ], [ -43.306996108999954, -22.490204186999961, 0.0 ], [ -43.298955966999984, -22.482682168999929, 0.0 ], [ -43.297053676999951, -22.478847974999951, 0.0 ], [ -43.297747911999977, -22.474701507999953, 0.0 ], [ -43.293150668999942, -22.476916038999946, 0.0 ], [ -43.29002726799996, -22.476924571999973, 0.0 ], [ -43.289387344999966, -22.479307283999958, 0.0 ], [ -43.28390255599993, -22.481011240999976, 0.0 ], [ -43.283400651999955, -22.485749415999976, 0.0 ], [ -43.282354275999978, -22.486669795999944, 0.0 ], [ -43.282345094999982, -22.487916091999978, 0.0 ], [ -43.278400647999945, -22.491304992999972, 0.0 ], [ -43.276688255999943, -22.491298674999939, 0.0 ], [ -43.268645994999986, -22.487956794999945, 0.0 ], [ -43.268973588999984, -22.486168202999977, 0.0 ], [ -43.264428346999978, -22.485832798999979, 0.0 ], [ -43.263086482999938, -22.484014069999944, 0.0 ], [ -43.261672480999948, -22.483998824999958, 0.0 ], [ -43.259094981999965, -22.48647170199996, 0.0 ], [ -43.257233865999979, -22.487193935999983, 0.0 ], [ -43.25415026099995, -22.48666540499994, 0.0 ], [ -43.249622267999939, -22.487631809999982, 0.0 ], [ -43.247686354999985, -22.485669332999976, 0.0 ], [ -43.244172327999934, -22.484414039999933, 0.0 ], [ -43.242421014999934, -22.481993964999958, 0.0 ], [ -43.23971288599995, -22.481721585999935, 0.0 ], [ -43.236008355999957, -22.482176712999944, 0.0 ], [ -43.237406924999959, -22.487062666999975, 0.0 ], [ -43.235983326999985, -22.489690472999939, 0.0 ], [ -43.232183735999968, -22.490845021999974, 0.0 ], [ -43.232224435999967, -22.49165279999994, 0.0 ], [ -43.230283834999966, -22.491640397999959, 0.0 ], [ -43.229327136999984, -22.492761472999973, 0.0 ], [ -43.22849341899996, -22.495437497999944, 0.0 ], [ -43.23094052099998, -22.49942557299994, 0.0 ], [ -43.230753738999965, -22.500539075999939, 0.0 ], [ -43.23244035099998, -22.501091388999953, 0.0 ], [ -43.231552672999953, -22.50333943399994, 0.0 ], [ -43.233631467999942, -22.506002725999963, 0.0 ], [ -43.234118719999969, -22.509527871999978, 0.0 ], [ -43.23765624899994, -22.514427801999943, 0.0 ], [ -43.236791386999982, -22.515553262999958, 0.0 ], [ -43.235002063999957, -22.515528693999954, 0.0 ], [ -43.23372087499996, -22.516776266999955, 0.0 ], [ -43.231365707999942, -22.513897419999978, 0.0 ], [ -43.230414884999959, -22.517071136999959, 0.0 ], [ -43.22833372599996, -22.518327643999953, 0.0 ], [ -43.23040868399994, -22.519981403999964, 0.0 ], [ -43.232269302999953, -22.522923652999964, 0.0 ], [ -43.231258710999953, -22.527272076999964, 0.0 ], [ -43.22942197499998, -22.52838582399994, 0.0 ], [ -43.24084849299993, -22.537658136999937, 0.0 ], [ -43.242869609999957, -22.538014747999966, 0.0 ], [ -43.245390017999966, -22.536518985999976, 0.0 ], [ -43.248503143999983, -22.537886939999964, 0.0 ], [ -43.249383894999937, -22.540251567999974, 0.0 ], [ -43.25347581699998, -22.542546913999956, 0.0 ], [ -43.256348292999974, -22.54591062399993, 0.0 ], [ -43.253671279999935, -22.545644387999971, 0.0 ], [ -43.254029634999938, -22.546779387999948, 0.0 ], [ -43.257280045999948, -22.547095554999942, 0.0 ], [ -43.263295040999935, -22.545347377999974, 0.0 ], [ -43.264758240999981, -22.543535233999933, 0.0 ], [ -43.269612801999983, -22.547207575999948, 0.0 ], [ -43.270661722999932, -22.547030434999954, 0.0 ], [ -43.27004506399993, -22.544782461999944, 0.0 ], [ -43.270437835999985, -22.541347678999955, 0.0 ], [ -43.266012806999981, -22.534336484999983, 0.0 ], [ -43.266782748999958, -22.533192174999954, 0.0 ], [ -43.27128954899996, -22.54099069199998, 0.0 ], [ -43.271155786999941, -22.545814130999929, 0.0 ], [ -43.273534455999936, -22.547088676999977, 0.0 ], [ -43.28276199499993, -22.562471755999979, 0.0 ], [ -43.285154748999958, -22.561580680999953, 0.0 ], [ -43.287486691999959, -22.561911395999971, 0.0 ], [ -43.296650967999938, -22.567388392999931, 0.0 ], [ -43.300400979999949, -22.565166162999958, 0.0 ], [ -43.30057028899995, -22.562438311999983, 0.0 ], [ -43.301847927999972, -22.561124334999931, 0.0 ], [ -43.305317644999946, -22.559555027999977, 0.0 ], [ -43.306689764999931, -22.560916392999957, 0.0 ], [ -43.310400515999959, -22.557316795999952, 0.0 ], [ -43.313463063999961, -22.55923233599998, 0.0 ], [ -43.31521870499995, -22.564325090999944, 0.0 ], [ -43.31617573799997, -22.563247605999948, 0.0 ], [ -43.321073973999944, -22.56401421399994, 0.0 ], [ -43.323956635999934, -22.562888315999942, 0.0 ], [ -43.328873338999983, -22.566971642999931, 0.0 ], [ -43.336433262999947, -22.561684041999968, 0.0 ], [ -43.340352374999952, -22.562022433999971, 0.0 ], [ -43.342521147999946, -22.565311305999955, 0.0 ], [ -43.346552877999954, -22.567245338999953, 0.0 ], [ -43.34981599799994, -22.569779282999946, 0.0 ], [ -43.349956779999957, -22.570749367999952, 0.0 ], [ -43.353799425999966, -22.568868149999957, 0.0 ], [ -43.357259562999957, -22.565214112999968, 0.0 ], [ -43.35651599199997, -22.563696324999967, 0.0 ], [ -43.356918823999933, -22.560966812999936, 0.0 ], [ -43.359429004999981, -22.558471543999929, 0.0 ], [ -43.370345744999952, -22.566888191999965, 0.0 ], [ -43.373956875999966, -22.56824929499993, 0.0 ], [ -43.377783939999972, -22.57093299099995, 0.0 ], [ -43.377873585999964, -22.575999300999968, 0.0 ], [ -43.383195283999953, -22.575165764999952, 0.0 ], [ -43.384931975999962, -22.575924996999959, 0.0 ], [ -43.392929199999969, -22.572193698999968, 0.0 ], [ -43.393116259999942, -22.57380913999998, 0.0 ], [ -43.395425644999932, -22.575246841999956, 0.0 ], [ -43.398268420999955, -22.575064925999982, 0.0 ], [ -43.398568129999944, -22.575943691999953, 0.0 ], [ -43.40090147199993, -22.576054790999933, 0.0 ], [ -43.402623711999979, -22.578332573999944, 0.0 ], [ -43.404845944999977, -22.579527011999971, 0.0 ], [ -43.404984843999955, -22.582277017999957, 0.0 ], [ -43.408707079999942, -22.582638117999977, 0.0 ], [ -43.417412785999943, -22.589731814999936, 0.0 ], [ -43.423023442999977, -22.587073344999965, 0.0 ], [ -43.427280480999968, -22.587277580999967, 0.0 ], [ -43.429533117999938, -22.589868911999929, 0.0 ], [ -43.432263647999946, -22.591444047999971, 0.0 ], [ -43.443704507999939, -22.594618276999938, 0.0 ], [ -43.458477875999961, -22.600332417999937, 0.0 ], [ -43.453741467999976, -22.624318508999977, 0.0 ], [ -43.465651940999976, -22.63177692599993, 0.0 ], [ -43.461943154999972, -22.643789400999935, 0.0 ], [ -43.470290892999969, -22.643360263999966, 0.0 ], [ -43.471496985999977, -22.651147940999977, 0.0 ], [ -43.473015823999958, -22.651581430999954, 0.0 ], [ -43.475517900999932, -22.653991665999968, 0.0 ], [ -43.479186435999964, -22.653561451999963, 0.0 ], [ -43.48192703899997, -22.650253101999965, 0.0 ], [ -43.48275327999994, -22.651074673999972, 0.0 ], [ -43.479735277999964, -22.646498054999938, 0.0 ], [ -43.495207653999955, -22.637915741999961, 0.0 ], [ -43.500207682999985, -22.638693504999935, 0.0 ], [ -43.506596603999981, -22.64097127499997, 0.0 ], [ -43.509207715999935, -22.638276813999937, 0.0 ], [ -43.511094788999969, -22.63825080099997, 0.0 ], [ -43.510728111999981, -22.639480716999969, 0.0 ], [ -43.511700352999981, -22.640039362999971, 0.0 ], [ -43.512445082999932, -22.643556657999966, 0.0 ], [ -43.514233721999972, -22.64289458899998, 0.0 ], [ -43.51558560999996, -22.643434813999932, 0.0 ], [ -43.516144004999944, -22.642242704999944, 0.0 ], [ -43.519041105999975, -22.640499012999953, 0.0 ], [ -43.522910809999985, -22.64230843699994, 0.0 ], [ -43.523130182999978, -22.644905616999949, 0.0 ], [ -43.525721316999977, -22.646721706999983, 0.0 ], [ -43.529423100999963, -22.647136506999971, 0.0 ], [ -43.532114900999943, -22.648794843999951, 0.0 ], [ -43.53425, -22.654583332999948, 0.0 ] ] ] } },
{ "type": "Feature", "properties": { "id": "639", "Name": "ARIE Federal — Barra Mansa", "description": null, "timestamp": null, "begin": null, "end": null, "altitudeMode": null, "tessellate": -1, "extrude": 0, "visibility": -1, "drawOrder": null, "icon": null, "globalid": "{6F6AD1CA-1A76-48FE-94EE-290DA7814E33}", "nome_uc": "ARIE Federal — Barra Mansa", "jurisdicao": "Federal", "tipo": "Uso Sustentável", "categoria": "ARIE", "area_ha": "125.14104615", "mun_abrang": "Barra Mansa, Volta Redonda.", "bioma_ibge": "Mata Atlântica", "ato_criaca": "DEC  90.792 de 09/01/1985" }, "geometry": { "type": "Polygon", "coordinates": [ [ [ -44.094510381999953, -22.541627559999938, 0.0 ], [ -44.089509280999948, -22.543573068999933, 0.0 ], [ -44.089230813999961, -22.551072813999951, 0.0 ], [ -44.087563777999947, -22.550798146999966, 0.0 ], [ -44.083955075999938, -22.556630871999971, 0.0 ], [ -44.091176361999942, -22.558017482999958, 0.0 ], [ -44.095620499999939, -22.555242279999959, 0.0 ], [ -44.094510381999953, -22.541627559999938, 0.0 ] ] ] } },
{ "type": "Feature", "properties": { "id": "655", "Name": "APA Federal — Petrópolis", "description": null, "timestamp": null, "begin": null, "end": null, "altitudeMode": null, "tessellate": -1, "extrude": 0, "visibility": -1, "drawOrder": null, "icon": null, "globalid": "{5AE67F02-A168-455D-AEAD-916AD025E04A}", "nome_uc": "APA Federal — Petrópolis", "jurisdicao": "Federal", "tipo": "Uso Sustentável", "categoria": "APA", "area_ha": "68224.2948091", "mun_abrang": "Petrópolis, Teresópolis, Guapimirim, Magé, Duque De Caxias, Miguel Pereira, Cachoeiras De Macacu.", "bioma_ibge": "Mata Atlântica", "ato_criaca": "DEC  87.561 de 13/09/1982; DEC  527 de 20/05/1992" }, "geometry": { "type": "Polygon", "coordinates": [ [ [ -43.146755180999946, -22.326079503999949, 0.0 ], [ -43.148094162999939, -22.328730733999976, 0.0 ], [ -43.146186802999978, -22.330407290999972, 0.0 ], [ -43.14477537199997, -22.330788766999945, 0.0 ], [ -43.143283795999935, -22.329602399999942, 0.0 ], [ -43.141921934999971, -22.329735907999975, 0.0 ], [ -43.140838576999954, -22.333691792999957, 0.0 ], [ -43.143394427999965, -22.334185785999978, 0.0 ], [ -43.14859389999998, -22.331301847999953, 0.0 ], [ -43.148868574999938, -22.331877872999939, 0.0 ], [ -43.146373734999941, -22.334979221999959, 0.0 ], [ -43.149009731999968, -22.336671040999931, 0.0 ], [ -43.15196614599995, -22.335705922999978, 0.0 ], [ -43.154678413999932, -22.335936698999944, 0.0 ], [ -43.159664300999964, -22.33872142499996, 0.0 ], [ -43.160362388999943, -22.341532889999939, 0.0 ], [ -43.161892101999968, -22.342494178999971, 0.0 ], [ -43.160640866999984, -22.345301807999931, 0.0 ], [ -43.158664835999957, -22.343793108999932, 0.0 ], [ -43.158283350999966, -22.339955482999983, 0.0 ], [ -43.155155281999953, -22.337187935999964, 0.0 ], [ -43.153774330999966, -22.338147345999971, 0.0 ], [ -43.148731267999949, -22.337928008999938, 0.0 ], [ -43.145854950999933, -22.339755255999933, 0.0 ], [ -43.145378100999949, -22.336711120999951, 0.0 ], [ -43.144470190999982, -22.335955793999972, 0.0 ], [ -43.137184063999939, -22.335835648999932, 0.0 ], [ -43.137477815999944, -22.33924791499993, 0.0 ], [ -43.134052168999972, -22.338444932999948, 0.0 ], [ -43.135581889999969, -22.341727484999979, 0.0 ], [ -43.138400985999965, -22.342971078999938, 0.0 ], [ -43.13851542499998, -22.343657722999978, 0.0 ], [ -43.133701238999947, -22.344586594999953, 0.0 ], [ -43.133064188999981, -22.345635666999954, 0.0 ], [ -43.13647457299993, -22.350299163999978, 0.0 ], [ -43.134422248999954, -22.351296712999954, 0.0 ], [ -43.133106168999973, -22.353474927999969, 0.0 ], [ -43.13018405899993, -22.349061305999953, 0.0 ], [ -43.124645083999951, -22.348668392999969, 0.0 ], [ -43.122463052999933, -22.351012548999961, 0.0 ], [ -43.122752979999973, -22.352263763999929, 0.0 ], [ -43.125434748999965, -22.352967583999941, 0.0 ], [ -43.125316479999981, -22.356229162999966, 0.0 ], [ -43.127567176999946, -22.355119084999956, 0.0 ], [ -43.128814607999971, -22.357077941999933, 0.0 ], [ -43.13438410699996, -22.357756934999941, 0.0 ], [ -43.135631535999948, -22.359315251999931, 0.0 ], [ -43.137229908999984, -22.359357203999934, 0.0 ], [ -43.136787418999972, -22.362016050999955, 0.0 ], [ -43.134307844999967, -22.362344140999937, 0.0 ], [ -43.133674590999931, -22.363740317999941, 0.0 ], [ -43.13152688699995, -22.361070022999968, 0.0 ], [ -43.12946694599998, -22.360743876999948, 0.0 ], [ -43.129310549999957, -22.368033794999974, 0.0 ], [ -43.130302395999934, -22.368510631999982, 0.0 ], [ -43.132682777999946, -22.366307617999951, 0.0 ], [ -43.137722018999966, -22.365300513999955, 0.0 ], [ -43.137886052999932, -22.366273284999977, 0.0 ], [ -43.134017944999982, -22.36991252699994, 0.0 ], [ -43.13439178699997, -22.372336793999978, 0.0 ], [ -43.13131711699998, -22.372613359999946, 0.0 ], [ -43.131214115999967, -22.374202179999941, 0.0 ], [ -43.131851194999967, -22.374679019999974, 0.0 ], [ -43.133419039999978, -22.37389318399994, 0.0 ], [ -43.135608703999935, -22.377679279999938, 0.0 ], [ -43.139129698999966, -22.379720180999982, 0.0 ], [ -43.139682843999935, -22.381307067999956, 0.0 ], [ -43.137325347999933, -22.382855847999963, 0.0 ], [ -43.138099730999954, -22.384368391999942, 0.0 ], [ -43.140556419999939, -22.384866203999934, 0.0 ], [ -43.143261067999958, -22.382670823999945, 0.0 ], [ -43.145179895999945, -22.384952012999975, 0.0 ], [ -43.144802220999964, -22.386102155999936, 0.0 ], [ -43.142875788999959, -22.387109251999959, 0.0 ], [ -43.134830534999935, -22.387153138999963, 0.0 ], [ -43.129486088999954, -22.385610106999934, 0.0 ], [ -43.125667542999963, -22.386325351999972, 0.0 ], [ -43.124904599999979, -22.387570887999971, 0.0 ], [ -43.12506099899997, -22.38941910799997, 0.0 ], [ -43.126968374999933, -22.392922917999954, 0.0 ], [ -43.125614158999952, -22.395652361999964, 0.0 ], [ -43.122074103999978, -22.39682537799996, 0.0 ], [ -43.119239758999981, -22.395732472999953, 0.0 ], [ -43.117019582999944, -22.396075811999935, 0.0 ], [ -43.113662599999941, -22.395284262999951, 0.0 ], [ -43.109153618999983, -22.398942597999962, 0.0 ], [ -43.104221154999948, -22.399949678999974, 0.0 ], [ -43.103355243999943, -22.405543976999979, 0.0 ], [ -43.101360132999957, -22.408576686999936, 0.0 ], [ -43.09949093299997, -22.409837452999966, 0.0 ], [ -43.09895686699997, -22.412101486999973, 0.0 ], [ -43.097842973999946, -22.412658423999972, 0.0 ], [ -43.096053862999952, -22.412009944999966, 0.0 ], [ -43.093478908999941, -22.40854236499996, 0.0 ], [ -43.092197147999968, -22.40301866599998, 0.0 ], [ -43.087928462999969, -22.402629568999942, 0.0 ], [ -43.089305568999976, -22.400600131999965, 0.0 ], [ -43.085013981999964, -22.395402591999982, 0.0 ], [ -43.084331144999965, -22.392888708999976, 0.0 ], [ -43.079230830999961, -22.385730400999932, 0.0 ], [ -43.079223188999947, -22.383855451999978, 0.0 ], [ -43.074821, -22.384847303999948, 0.0 ], [ -43.068438936999939, -22.383866913999952, 0.0 ], [ -43.062751195999965, -22.387921972999948, 0.0 ], [ -43.058192591999955, -22.389398301999961, 0.0 ], [ -43.047526614999981, -22.387983037999959, 0.0 ], [ -43.038935838999976, -22.389354485999945, 0.0 ], [ -43.033732538999971, -22.388831885999934, 0.0 ], [ -43.03295437099996, -22.390516075999983, 0.0 ], [ -43.029868244999932, -22.390929988999972, 0.0 ], [ -43.027899834999971, -22.392268963999982, 0.0 ], [ -43.027777768999954, -22.395133796999971, 0.0 ], [ -43.03048623899997, -22.401912547999927, 0.0 ], [ -43.032427951999978, -22.403634893999936, 0.0 ], [ -43.036360944999956, -22.405832163999946, 0.0 ], [ -43.041636703999984, -22.40681632999997, 0.0 ], [ -43.041663428999982, -22.413179273999958, 0.0 ], [ -43.040492306999965, -22.414501086999962, 0.0 ], [ -43.03227157799995, -22.418252890999952, 0.0 ], [ -43.031436158999952, -22.420453991999977, 0.0 ], [ -43.033667797999954, -22.423194835999936, 0.0 ], [ -43.034262902999956, -22.425897569999961, 0.0 ], [ -43.031428565999931, -22.427755340999965, 0.0 ], [ -43.026461781999956, -22.428592687999981, 0.0 ], [ -43.021342430999937, -22.432237659999942, 0.0 ], [ -43.016818140999931, -22.431663555999933, 0.0 ], [ -43.012919489999945, -22.429370916999972, 0.0 ], [ -43.008677511999963, -22.429630324999948, 0.0 ], [ -43.009734168999955, -22.426961930999937, 0.0 ], [ -43.00936414499995, -22.425151849999963, 0.0 ], [ -43.006014794999942, -22.423227340999972, 0.0 ], [ -43.004336317999957, -22.419977198999959, 0.0 ], [ -43.00161641699998, -22.42118075999997, 0.0 ], [ -43.001051846999985, -22.422266038999965, 0.0 ], [ -43.001761388999967, -22.424799012999927, 0.0 ], [ -43.000269817999936, -22.425310198999966, 0.0 ], [ -42.998793516999967, -22.424726540999927, 0.0 ], [ -42.993887842999982, -22.446283496999968, 0.0 ], [ -42.995097140999974, -22.450182145999975, 0.0 ], [ -42.998587609999959, -22.451372349999929, 0.0 ], [ -43.00014402499994, -22.450796319999938, 0.0 ], [ -43.001544025999976, -22.451355160999981, 0.0 ], [ -42.997073185999966, -22.456032017999974, 0.0 ], [ -42.993540737999979, -22.454651100999968, 0.0 ], [ -42.992522178999934, -22.451553555999965, 0.0 ], [ -42.988234414999965, -22.448345400999983, 0.0 ], [ -42.984534120999967, -22.447815157999969, 0.0 ], [ -42.983202784999946, -22.448309160999941, 0.0 ], [ -42.985613700999977, -22.449548937999964, 0.0 ], [ -42.986761943999966, -22.451219782999942, 0.0 ], [ -42.985045322999952, -22.453903429999968, 0.0 ], [ -42.98541916299996, -22.455435043999955, 0.0 ], [ -42.989073691999977, -22.458925508999982, 0.0 ], [ -42.992602320999936, -22.459520593999969, 0.0 ], [ -42.993163100999936, -22.460695532999978, 0.0 ], [ -42.992625215999965, -22.462070731999972, 0.0 ], [ -42.989466629999981, -22.461847571999954, 0.0 ], [ -42.985934190999956, -22.46340971799998, 0.0 ], [ -42.983130349999954, -22.463655758999948, 0.0 ], [ -42.981993546999945, -22.464565575999927, 0.0 ], [ -42.981238268999959, -22.467108100999951, 0.0 ], [ -42.977904199999955, -22.467760412999951, 0.0 ], [ -42.976885658999947, -22.47087703099993, 0.0 ], [ -42.971358117999955, -22.471092577999968, 0.0 ], [ -42.970164104999981, -22.470508940999935, 0.0 ], [ -42.968237658999954, -22.466890693999972, 0.0 ], [ -42.965700850999951, -22.466022842999962, 0.0 ], [ -42.963270862999934, -22.464050646999965, 0.0 ], [ -42.958288830999948, -22.465820692999955, 0.0 ], [ -42.954943324999931, -22.464731584999981, 0.0 ], [ -42.954321517999972, -22.463423141999954, 0.0 ], [ -42.954954737999969, -22.458456370999954, 0.0 ], [ -42.954073533999974, -22.457414963999952, 0.0 ], [ -42.946154143999934, -22.455932962999952, 0.0 ], [ -42.940668562999974, -22.457252878999952, 0.0 ], [ -42.934626024999943, -22.451383947999943, 0.0 ], [ -42.929876674999946, -22.449602493999976, 0.0 ], [ -42.928049450999936, -22.449877146999938, 0.0 ], [ -42.92492896899995, -22.453598412999952, 0.0 ], [ -42.916170358999977, -22.452427314999966, 0.0 ], [ -42.914751271999933, -22.454075278999937, 0.0 ], [ -42.912042824999958, -22.45503469199997, 0.0 ], [ -42.91706682399996, -22.456869557999937, 0.0 ], [ -42.920496273999959, -22.460321862999933, 0.0 ], [ -42.922365520999961, -22.467045295999981, 0.0 ], [ -42.922453262999966, -22.470329760999959, 0.0 ], [ -42.921305042999961, -22.476522973999977, 0.0 ], [ -42.91922603699993, -22.477728419999949, 0.0 ], [ -42.914568280999958, -22.482693290999975, 0.0 ], [ -42.914949735999983, -22.484486211999979, 0.0 ], [ -42.91413720099996, -22.486025441999971, 0.0 ], [ -42.915701236999951, -22.488058686999977, 0.0 ], [ -42.91588054999994, -22.490719443999978, 0.0 ], [ -42.916666384999985, -22.491163870999969, 0.0 ], [ -42.915804264999963, -22.495667142999935, 0.0 ], [ -42.912279466999962, -22.498673149999945, 0.0 ], [ -42.909143768999968, -22.498493831999951, 0.0 ], [ -42.906633671999941, -22.499294988999964, 0.0 ], [ -42.905931753999937, -22.500420289999965, 0.0 ], [ -42.906801537999968, -22.504870170999936, 0.0 ], [ -42.904329581999946, -22.506760350999969, 0.0 ], [ -42.896642905999954, -22.504366650999941, 0.0 ], [ -42.895170425999936, -22.504572641999971, 0.0 ], [ -42.894098491999955, -22.505831495999928, 0.0 ], [ -42.89758132299994, -22.507088452999938, 0.0 ], [ -42.898573177999936, -22.510395802999938, 0.0 ], [ -42.900858196999934, -22.510073440999975, 0.0 ], [ -42.905172625999967, -22.507729302999962, 0.0 ], [ -42.907583569999986, -22.510531170999968, 0.0 ], [ -42.909326904999944, -22.510739108999928, 0.0 ], [ -42.907930713999974, -22.515227108999966, 0.0 ], [ -42.910032632999958, -22.51461293899996, 0.0 ], [ -42.912538905999952, -22.511950267999964, 0.0 ], [ -42.915937841999948, -22.511009921999971, 0.0 ], [ -42.918817960999945, -22.511715650999975, 0.0 ], [ -42.919966193999983, -22.510250762999931, 0.0 ], [ -42.922399992999942, -22.510050497999941, 0.0 ], [ -42.924807080999983, -22.507893280999951, 0.0 ], [ -42.929628887999968, -22.509688099999948, 0.0 ], [ -42.935938457999953, -22.506306317999929, 0.0 ], [ -42.937006590999943, -22.510506322999959, 0.0 ], [ -42.933336822999934, -22.510819140999956, 0.0 ], [ -42.931337914999972, -22.513516152999955, 0.0 ], [ -42.930906858999947, -22.516865485999972, 0.0 ], [ -42.926802202999966, -22.516243696999936, 0.0 ], [ -42.928373876999956, -22.518494360999966, 0.0 ], [ -42.92789321999993, -22.519404175999966, 0.0 ], [ -42.930315588999974, -22.51984287199997, 0.0 ], [ -42.932081782999944, -22.518099538999934, 0.0 ], [ -42.932020760999933, -22.519331684999941, 0.0 ], [ -42.933577180999976, -22.520357841999953, 0.0 ], [ -42.936014774999933, -22.520113686999935, 0.0 ], [ -42.937819161999982, -22.520872829999973, 0.0 ], [ -42.936743409999963, -22.52274203199994, 0.0 ], [ -42.937933606999934, -22.523701433999975, 0.0 ], [ -42.936808262999932, -22.525627863999944, 0.0 ], [ -42.934214251999947, -22.526181009999959, 0.0 ], [ -42.933298703999981, -22.525248310999928, 0.0 ], [ -42.932421321999982, -22.525606897999978, 0.0 ], [ -42.93285621299998, -22.527731695999933, 0.0 ], [ -42.934858946999952, -22.527809898999976, 0.0 ], [ -42.935290015999954, -22.528614797999978, 0.0 ], [ -42.933031703999973, -22.529457840999953, 0.0 ], [ -42.932203896999965, -22.531605529999979, 0.0 ], [ -42.936011022999935, -22.534258662999946, 0.0 ], [ -42.936403914999971, -22.52986219099995, 0.0 ], [ -42.937258415999963, -22.531281275999959, 0.0 ], [ -42.939223011999957, -22.531925959999967, 0.0 ], [ -42.942129830999932, -22.530377176999934, 0.0 ], [ -42.939284025999939, -22.528002509999965, 0.0 ], [ -42.938215895999974, -22.524574995999956, 0.0 ], [ -42.93947856799997, -22.523585083999933, 0.0 ], [ -42.944891696999946, -22.524168709999969, 0.0 ], [ -42.947447543999942, -22.52278395899998, 0.0 ], [ -42.950625219999949, -22.522251812999968, 0.0 ], [ -42.950274240999931, -22.520138446999965, 0.0 ], [ -42.951041, -22.518189129999939, 0.0 ], [ -42.957808316999945, -22.514282846999947, 0.0 ], [ -42.958014312999978, -22.509680388999982, 0.0 ], [ -42.956232813999975, -22.508574116999966, 0.0 ], [ -42.953650256999936, -22.508392933999971, 0.0 ], [ -42.953806637999946, -22.504330250999942, 0.0 ], [ -42.953051324999933, -22.502794842999947, 0.0 ], [ -42.952013704999956, -22.502565948999973, 0.0 ], [ -42.948828418999938, -22.504322649999949, 0.0 ], [ -42.946997347999968, -22.502457251999942, 0.0 ], [ -42.947821314999942, -22.501360542999976, 0.0 ], [ -42.952196822999952, -22.500837893999972, 0.0 ], [ -42.954821355999968, -22.499626718999934, 0.0 ], [ -42.95463061099997, -22.497046058999956, 0.0 ], [ -42.947008764999964, -22.497725086999935, 0.0 ], [ -42.946089422999933, -22.496796204999953, 0.0 ], [ -42.945833834999974, -22.494391029999974, 0.0 ], [ -42.946699757999966, -22.492668655999978, 0.0 ], [ -42.947474159999956, -22.492868957999974, 0.0 ], [ -42.947851801999946, -22.488529716999949, 0.0 ], [ -42.948706300999959, -22.489813362999939, 0.0 ], [ -42.950052907999975, -22.48820928799995, 0.0 ], [ -42.951838209999949, -22.491983929999947, 0.0 ], [ -42.953379353999935, -22.492411171999947, 0.0 ], [ -42.953718867999953, -22.491467037999939, 0.0 ], [ -42.952364641999964, -22.490931062999948, 0.0 ], [ -42.952498139999932, -22.488050955999938, 0.0 ], [ -42.955279067999982, -22.487333779999972, 0.0 ], [ -42.95693085399995, -22.487814433999972, 0.0 ], [ -42.95772814999998, -22.489946867999947, 0.0 ], [ -42.960119971999973, -22.490387450999947, 0.0 ], [ -42.958929783999963, -22.492924248999941, 0.0 ], [ -42.959044258999938, -22.497646869999983, 0.0 ], [ -42.962889510999958, -22.504080374999944, 0.0 ], [ -42.969366949999937, -22.507629949999966, 0.0 ], [ -42.971033980999948, -22.506197516999976, 0.0 ], [ -42.975172952999969, -22.505445996999981, 0.0 ], [ -42.977129914999978, -22.506630476999931, 0.0 ], [ -42.977995872999941, -22.50888114299994, 0.0 ], [ -42.981875449999961, -22.509855812999945, 0.0 ], [ -42.979418765999981, -22.510790405999956, 0.0 ], [ -42.97781658599996, -22.514589875999945, 0.0 ], [ -42.980597543999977, -22.51600704699996, 0.0 ], [ -42.981848768999953, -22.518044087999954, 0.0 ], [ -42.989054802999931, -22.51860484499997, 0.0 ], [ -42.986411224999983, -22.520174604999966, 0.0 ], [ -42.986266243999978, -22.521216014999936, 0.0 ], [ -42.987094037999952, -22.522724739999944, 0.0 ], [ -42.987063522999961, -22.525723101999972, 0.0 ], [ -42.98947444199996, -22.527685773999963, 0.0 ], [ -42.991477175999933, -22.527714383999978, 0.0 ], [ -42.997344224999949, -22.524757963999946, 0.0 ], [ -42.999572044999979, -22.527454918999979, 0.0 ], [ -42.998896837999951, -22.529667497999981, 0.0 ], [ -42.999736086999974, -22.531122810999932, 0.0 ], [ -42.996573661999946, -22.531693117999964, 0.0 ], [ -42.995661963999964, -22.533239983999977, 0.0 ], [ -42.995787839999934, -22.535534518999953, 0.0 ], [ -42.998328473999948, -22.538979211999958, 0.0 ], [ -42.998725203999982, -22.54088466099995, 0.0 ], [ -42.993121355999961, -22.538326900999948, 0.0 ], [ -42.98762434899993, -22.541563742999983, 0.0 ], [ -42.988097374999938, -22.542761521999978, 0.0 ], [ -42.991236894999929, -22.544037547999949, 0.0 ], [ -42.99145434999997, -22.548203211999976, 0.0 ], [ -42.994269619999955, -22.547276253999939, 0.0 ], [ -42.995547574999932, -22.549202655999977, 0.0 ], [ -42.996878908999975, -22.548279496999953, 0.0 ], [ -43.00041515199996, -22.549002383999948, 0.0 ], [ -43.003306720999944, -22.548210817999973, 0.0 ], [ -43.007460973999969, -22.55001518399996, 0.0 ], [ -43.008368873999984, -22.547259034999968, 0.0 ], [ -43.006179205999956, -22.541948961999935, 0.0 ], [ -43.00760590699997, -22.540228516999946, 0.0 ], [ -43.009818443999961, -22.539803174999975, 0.0 ], [ -43.009345412999949, -22.537165283999968, 0.0 ], [ -43.009951934999947, -22.534636122999927, 0.0 ], [ -43.011863107999943, -22.538651139999956, 0.0 ], [ -43.013034257999948, -22.53935109899993, 0.0 ], [ -43.013068604999944, -22.540493627999979, 0.0 ], [ -43.016700220999951, -22.54347291199997, 0.0 ], [ -43.018954735999955, -22.541849741999954, 0.0 ], [ -43.02059888499997, -22.542587885999978, 0.0 ], [ -43.020301317999952, -22.539873717999967, 0.0 ], [ -43.022159089999946, -22.539797413999963, 0.0 ], [ -43.025249040999938, -22.541695218999962, 0.0 ], [ -43.02476838299998, -22.542606941999964, 0.0 ], [ -43.027179308999962, -22.546988132999957, 0.0 ], [ -43.023410351999985, -22.546644830999981, 0.0 ], [ -43.019103547999975, -22.55238025899996, 0.0 ], [ -43.021029986999963, -22.554228472999966, 0.0 ], [ -43.022876302999975, -22.554129305999936, 0.0 ], [ -43.026439258999972, -22.54955354599997, 0.0 ], [ -43.027972786999953, -22.549111020999931, 0.0 ], [ -43.032649635999974, -22.55232872199997, 0.0 ], [ -43.033721581999941, -22.554680505999954, 0.0 ], [ -43.035667113999978, -22.556194932999972, 0.0 ], [ -43.035033858999952, -22.55741564899995, 0.0 ], [ -43.038039897999965, -22.559584305999977, 0.0 ], [ -43.03763552099997, -22.561623261999955, 0.0 ], [ -43.038722734999965, -22.562269855999944, 0.0 ], [ -43.037719469999956, -22.565914817999953, 0.0 ], [ -43.039855743999965, -22.569353784999976, 0.0 ], [ -43.039794727999947, -22.572634430999983, 0.0 ], [ -43.040805601999978, -22.575352414999941, 0.0 ], [ -43.042701541999975, -22.577568758999973, 0.0 ], [ -43.045265031999975, -22.578093298999931, 0.0 ], [ -43.046676496999964, -22.581311007999943, 0.0 ], [ -43.051273240999933, -22.580559484999981, 0.0 ], [ -43.053508659999977, -22.578234418999955, 0.0 ], [ -43.055770816999939, -22.57830116699995, 0.0 ], [ -43.057727777999958, -22.579449394999983, 0.0 ], [ -43.059799170999952, -22.578110419999973, 0.0 ], [ -43.055110836999972, -22.573610980999945, 0.0 ], [ -43.055122289999986, -22.572563819999971, 0.0 ], [ -43.052451972999961, -22.570816703999981, 0.0 ], [ -43.053520082999967, -22.567511234999927, 0.0 ], [ -43.05135712799995, -22.564562471999977, 0.0 ], [ -43.051357124999981, -22.563492447999977, 0.0 ], [ -43.04809170599998, -22.560198442999933, 0.0 ], [ -43.047385960999975, -22.558018347999962, 0.0 ], [ -43.043273686999953, -22.556080475999977, 0.0 ], [ -43.044551607999949, -22.554352394999967, 0.0 ], [ -43.044677490999959, -22.551478015999976, 0.0 ], [ -43.044101457999943, -22.549610705999953, 0.0 ], [ -43.041850751999959, -22.548021889999973, 0.0 ], [ -43.041717213999959, -22.54520662799996, 0.0 ], [ -43.04013410999994, -22.543562490999932, 0.0 ], [ -43.040095963999931, -22.540970396999967, 0.0 ], [ -43.038459445999933, -22.538796008999952, 0.0 ], [ -43.039680136999948, -22.537008811999954, 0.0 ], [ -43.043758091999962, -22.539425409999978, 0.0 ], [ -43.042972266999982, -22.542318881999961, 0.0 ], [ -43.047199005999971, -22.545864644999938, 0.0 ], [ -43.047260060999974, -22.548019967999949, 0.0 ], [ -43.050128721999954, -22.547594622999952, 0.0 ], [ -43.051204459999951, -22.54926355899994, 0.0 ], [ -43.050826834999953, -22.551191894999931, 0.0 ], [ -43.052749448999975, -22.550541475999978, 0.0 ], [ -43.05353527699998, -22.548529223999935, 0.0 ], [ -43.056083514999955, -22.549206315999982, 0.0 ], [ -43.05891405899996, -22.547754811999937, 0.0 ], [ -43.06157673599995, -22.548801942999944, 0.0 ], [ -43.059379454999942, -22.551254807999953, 0.0 ], [ -43.056018680999955, -22.552027306999946, 0.0 ], [ -43.053989244999968, -22.553631406999955, 0.0 ], [ -43.052291716999946, -22.556280710999943, 0.0 ], [ -43.055473192999955, -22.557438481999952, 0.0 ], [ -43.055656303999967, -22.561323769999944, 0.0 ], [ -43.061119012999939, -22.564892414999974, 0.0 ], [ -43.061771344999954, -22.566797862999977, 0.0 ], [ -43.063472722999961, -22.566588053999965, 0.0 ], [ -43.062473246999957, -22.568043371999977, 0.0 ], [ -43.063777928999968, -22.569449089999978, 0.0 ], [ -43.066429152999945, -22.570944444999952, 0.0 ], [ -43.069000277999976, -22.571056989999931, 0.0 ], [ -43.066455849999954, -22.575712840999927, 0.0 ], [ -43.068847674999972, -22.577271154999949, 0.0 ], [ -43.068809564999981, -22.578861884999981, 0.0 ], [ -43.069988308999939, -22.580404951999981, 0.0 ], [ -43.069675504999964, -22.582668984999941, 0.0 ], [ -43.070896226999935, -22.584006042999931, 0.0 ], [ -43.073009603999935, -22.584152883999934, 0.0 ], [ -43.073120228999983, -22.586403575999952, 0.0 ], [ -43.074600351999948, -22.588181219999967, 0.0 ], [ -43.076320798999973, -22.588175510999974, 0.0 ], [ -43.080124067999975, -22.585972491999939, 0.0 ], [ -43.080665760999977, -22.588818277999962, 0.0 ], [ -43.085956816999953, -22.589306535999981, 0.0 ], [ -43.088287608999963, -22.588638953999975, 0.0 ], [ -43.088333376999969, -22.586128863999932, 0.0 ], [ -43.089630365999938, -22.584591542999931, 0.0 ], [ -43.090500113999951, -22.585079811999947, 0.0 ], [ -43.090957918999948, -22.588314705999949, 0.0 ], [ -43.094372109999938, -22.588995613999941, 0.0 ], [ -43.09824404699998, -22.588572175999957, 0.0 ], [ -43.109253360999958, -22.590778926999974, 0.0 ], [ -43.108181410999975, -22.586805956999967, 0.0 ], [ -43.11166426099993, -22.586544617999948, 0.0 ], [ -43.114861014999974, -22.589211091999971, 0.0 ], [ -43.116955298999983, -22.589207267999939, 0.0 ], [ -43.117729703999942, -22.590490937999959, 0.0 ], [ -43.119934609999973, -22.591564752999943, 0.0 ], [ -43.120644166999966, -22.591436973999976, 0.0 ], [ -43.121563496999954, -22.588137231999951, 0.0 ], [ -43.123585306999985, -22.590658747999953, 0.0 ], [ -43.125782589999972, -22.588734224999939, 0.0 ], [ -43.127285600999983, -22.590792267999973, 0.0 ], [ -43.133412076999946, -22.589336935999938, 0.0 ], [ -43.132973342999946, -22.587276981999935, 0.0 ], [ -43.130097033999959, -22.583626301999971, 0.0 ], [ -43.130718852999962, -22.581209691999959, 0.0 ], [ -43.133022923999931, -22.582983515999956, 0.0 ], [ -43.134956995999971, -22.583290615999942, 0.0 ], [ -43.135159191999946, -22.584778340999947, 0.0 ], [ -43.137779916999932, -22.586605574999965, 0.0 ], [ -43.137863832999983, -22.587980795999954, 0.0 ], [ -43.139755953999952, -22.589676435999934, 0.0 ], [ -43.142586474999973, -22.588753248999978, 0.0 ], [ -43.145176696999954, -22.590416476999962, 0.0 ], [ -43.145092766999937, -22.592444, 0.0 ], [ -43.148663356999975, -22.595072311999957, 0.0 ], [ -43.152062290999936, -22.593725719999952, 0.0 ], [ -43.154496094999956, -22.595030340999983, 0.0 ], [ -43.156296632999954, -22.59380962299997, 0.0 ], [ -43.157814926999947, -22.598919437999939, 0.0 ], [ -43.159020374999955, -22.599899819999962, 0.0 ], [ -43.162926657999947, -22.600708527999927, 0.0 ], [ -43.164048175999937, -22.596020246999956, 0.0 ], [ -43.163521732999982, -22.593567364999956, 0.0 ], [ -43.162442177999935, -22.592484000999946, 0.0 ], [ -43.163685751999935, -22.589563821999946, 0.0 ], [ -43.161221439999963, -22.58619545099998, 0.0 ], [ -43.161885189999964, -22.583086445999982, 0.0 ], [ -43.159924406999949, -22.581100882999976, 0.0 ], [ -43.16032875999997, -22.578516426999954, 0.0 ], [ -43.161682981999945, -22.577761092999935, 0.0 ], [ -43.163258474999964, -22.57989161699993, 0.0 ], [ -43.165223062999985, -22.577326223999933, 0.0 ], [ -43.16974350199996, -22.574976332999938, 0.0 ], [ -43.169800744999975, -22.579054265999957, 0.0 ], [ -43.170968032999951, -22.580553443999975, 0.0 ], [ -43.176392586999953, -22.578840624999941, 0.0 ], [ -43.176201870999932, -22.58580630199998, 0.0 ], [ -43.178540302999977, -22.585863525999969, 0.0 ], [ -43.182557213999985, -22.582273854999983, 0.0 ], [ -43.180867280999962, -22.578670855999974, 0.0 ], [ -43.181141924999963, -22.576921822999964, 0.0 ], [ -43.178841646999956, -22.574560518999931, 0.0 ], [ -43.176968588999955, -22.570286127999964, 0.0 ], [ -43.174630173999958, -22.568439800999954, 0.0 ], [ -43.17592716799993, -22.568119373999934, 0.0 ], [ -43.175972938999962, -22.566671695999958, 0.0 ], [ -43.179871574999936, -22.564449584999977, 0.0 ], [ -43.182137519999969, -22.562166499999933, 0.0 ], [ -43.184418746999938, -22.563131605999956, 0.0 ], [ -43.185082512999941, -22.565117169999951, 0.0 ], [ -43.189286347999939, -22.563598885999966, 0.0 ], [ -43.189496162999944, -22.566450398999962, 0.0 ], [ -43.187970281999981, -22.570013336999978, 0.0 ], [ -43.186799158999975, -22.570921243999976, 0.0 ], [ -43.187569744999962, -22.57192833199997, 0.0 ], [ -43.189255849999938, -22.571855846999938, 0.0 ], [ -43.189248202999977, -22.568781186999956, 0.0 ], [ -43.192456394999965, -22.565389889999949, 0.0 ], [ -43.198201385999937, -22.568096405999938, 0.0 ], [ -43.201733826999941, -22.566866158999972, 0.0 ], [ -43.203027004999967, -22.567802674999939, 0.0 ], [ -43.202161081999975, -22.569467797999948, 0.0 ], [ -43.202752368999938, -22.571724214999961, 0.0 ], [ -43.201394334999975, -22.575027752999972, 0.0 ], [ -43.202077168999949, -22.576547886999947, 0.0 ], [ -43.198380699999973, -22.578636490999941, 0.0 ], [ -43.197026472999937, -22.578234043999942, 0.0 ], [ -43.19561119399998, -22.576189342999953, 0.0 ], [ -43.193303285999946, -22.576303808999967, 0.0 ], [ -43.19022862199995, -22.578657490999944, 0.0 ], [ -43.190018819999977, -22.579897273999961, 0.0 ], [ -43.190594849999968, -22.580568667999955, 0.0 ], [ -43.192765431999931, -22.580498090999981, 0.0 ], [ -43.194367604999968, -22.581955309999955, 0.0 ], [ -43.19674419699993, -22.581463189999965, 0.0 ], [ -43.199513688999957, -22.579458547999934, 0.0 ], [ -43.200570355999957, -22.580295877999959, 0.0 ], [ -43.200490265999974, -22.581789330999982, 0.0 ], [ -43.201382903999956, -22.58278880599994, 0.0 ], [ -43.200043935999929, -22.585085251999942, 0.0 ], [ -43.200703911999938, -22.588926673999936, 0.0 ], [ -43.199017786999946, -22.58998717999998, 0.0 ], [ -43.198895741999934, -22.591719052999963, 0.0 ], [ -43.200387295999974, -22.593202979999944, 0.0 ], [ -43.202912645999959, -22.593151470999942, 0.0 ], [ -43.204171498999983, -22.592148194999936, 0.0 ], [ -43.206113209999955, -22.592924474999961, 0.0 ], [ -43.206311590999974, -22.595785511999964, 0.0 ], [ -43.204774246999932, -22.59690513399994, 0.0 ], [ -43.203801504999944, -22.600115234999976, 0.0 ], [ -43.207063093999977, -22.599888238999938, 0.0 ], [ -43.207055461999971, -22.601248185999964, 0.0 ], [ -43.208413511999936, -22.603281433999939, 0.0 ], [ -43.207425514999954, -22.605253638999955, 0.0 ], [ -43.20870727199997, -22.609516599999949, 0.0 ], [ -43.209660945999985, -22.606781427999977, 0.0 ], [ -43.211804824999945, -22.607262079999941, 0.0 ], [ -43.217309485999976, -22.609823657999982, 0.0 ], [ -43.213891510999986, -22.612568357999976, 0.0 ], [ -43.217492626999956, -22.615610575999938, 0.0 ], [ -43.218808685999932, -22.614265874999944, 0.0 ], [ -43.22245556699994, -22.614004557999976, 0.0 ], [ -43.222558569999933, -22.613304572999937, 0.0 ], [ -43.220082809999951, -22.612207849999947, 0.0 ], [ -43.218476793999969, -22.610184148999963, 0.0 ], [ -43.216752532999976, -22.604196951999938, 0.0 ], [ -43.216901276999977, -22.600143838999941, 0.0 ], [ -43.218060960999935, -22.597044355999969, 0.0 ], [ -43.220113284999968, -22.596073487999945, 0.0 ], [ -43.221345437999958, -22.596928000999981, 0.0 ], [ -43.222680606999972, -22.600992565999945, 0.0 ], [ -43.230416881999986, -22.605223075999959, 0.0 ], [ -43.231397267999967, -22.604565021999974, 0.0 ], [ -43.231984741999952, -22.601524701999949, 0.0 ], [ -43.234616892999952, -22.601715430999946, 0.0 ], [ -43.235734600999933, -22.599790887999973, 0.0 ], [ -43.235139494999942, -22.597015695999971, 0.0 ], [ -43.236417439999968, -22.595749203999958, 0.0 ], [ -43.236226700999964, -22.594847027999947, 0.0 ], [ -43.23337326199993, -22.593376445999979, 0.0 ], [ -43.233281708999982, -22.592508611999961, 0.0 ], [ -43.23825994699996, -22.59085491299993, 0.0 ], [ -43.23908010599996, -22.593027392999943, 0.0 ], [ -43.241441431999931, -22.595402061999948, 0.0 ], [ -43.242337893999945, -22.598169638999934, 0.0 ], [ -43.243459427999937, -22.598837186999958, 0.0 ], [ -43.242189144999941, -22.600977263999937, 0.0 ], [ -43.244077449999963, -22.603468256999975, 0.0 ], [ -43.245382093999979, -22.607790333999958, 0.0 ], [ -43.247152127999982, -22.605646461999982, 0.0 ], [ -43.250768493999942, -22.608566603999975, 0.0 ], [ -43.251958686999956, -22.608362523999972, 0.0 ], [ -43.251169043999937, -22.611132013999963, 0.0 ], [ -43.248884031999978, -22.613640201999942, 0.0 ], [ -43.249898744999939, -22.615412117999938, 0.0 ], [ -43.248742881999931, -22.619007486999976, 0.0 ], [ -43.245618647999947, -22.622110769999949, 0.0 ], [ -43.243238263999956, -22.62320559799997, 0.0 ], [ -43.242788134999955, -22.625223622999954, 0.0 ], [ -43.245771227999967, -22.623485990999939, 0.0 ], [ -43.247346713999946, -22.623480258999962, 0.0 ], [ -43.248819222999941, -22.62517971799997, 0.0 ], [ -43.250188698999978, -22.625521115999959, 0.0 ], [ -43.251546739999981, -22.624763895999934, 0.0 ], [ -43.253194708999956, -22.625725206999959, 0.0 ], [ -43.25319469599998, -22.621307759999979, 0.0 ], [ -43.25405300999995, -22.621141817999955, 0.0 ], [ -43.254091167999945, -22.620117544999971, 0.0 ], [ -43.255990874999952, -22.620724089999953, 0.0 ], [ -43.258016514999952, -22.619165787999975, 0.0 ], [ -43.261636695999982, -22.62082707999997, 0.0 ], [ -43.260301557999981, -22.626808555999958, 0.0 ], [ -43.26458551199994, -22.625378025999964, 0.0 ], [ -43.266477598999984, -22.623800632999973, 0.0 ], [ -43.269094524999957, -22.624840148999965, 0.0 ], [ -43.26806834599995, -22.627502816999936, 0.0 ], [ -43.271642744999951, -22.626896280999972, 0.0 ], [ -43.274057494999965, -22.625309337999965, 0.0 ], [ -43.272363722999955, -22.622806890999982, 0.0 ], [ -43.271020931999942, -22.623457309999935, 0.0 ], [ -43.27000622099996, -22.622457857999962, 0.0 ], [ -43.271055267999941, -22.621389740999973, 0.0 ], [ -43.271043807999945, -22.619840942999929, 0.0 ], [ -43.273531016999982, -22.618814799999939, 0.0 ], [ -43.278936489999978, -22.620683982999935, 0.0 ], [ -43.278795337999952, -22.61808616199994, 0.0 ], [ -43.279752838999968, -22.617735212999946, 0.0 ], [ -43.279993161999982, -22.615389128999936, 0.0 ], [ -43.278276526999946, -22.613361632999954, 0.0 ], [ -43.282770275999951, -22.608722959999966, 0.0 ], [ -43.278612188999944, -22.609373362999975, 0.0 ], [ -43.276605655999958, -22.607916143999944, 0.0 ], [ -43.272794742999963, -22.607731122999951, 0.0 ], [ -43.271474831999967, -22.605806608999956, 0.0 ], [ -43.268930412999964, -22.605856184999936, 0.0 ], [ -43.267908061999947, -22.603803890999927, 0.0 ], [ -43.265047007999954, -22.602115891999972, 0.0 ], [ -43.266187607999939, -22.601440675999982, 0.0 ], [ -43.265207218999933, -22.601404449999961, 0.0 ], [ -43.26503938899998, -22.600092187999962, 0.0 ], [ -43.262842077999949, -22.600290542999971, 0.0 ], [ -43.261716747999969, -22.59924340699996, 0.0 ], [ -43.263864442999932, -22.599344497999937, 0.0 ], [ -43.265207207999936, -22.597900633999927, 0.0 ], [ -43.266591964999975, -22.600212348999946, 0.0 ], [ -43.270357106999938, -22.601988075999941, 0.0 ], [ -43.27116203199995, -22.601932776999945, 0.0 ], [ -43.271154392999961, -22.600921867999944, 0.0 ], [ -43.276227979999931, -22.601066838999941, 0.0 ], [ -43.277757698999949, -22.603611219999948, 0.0 ], [ -43.279741366999986, -22.604675536999935, 0.0 ], [ -43.278093387999945, -22.60052130899993, 0.0 ], [ -43.279066110999963, -22.598722657999929, 0.0 ], [ -43.277956049999943, -22.596338485999979, 0.0 ], [ -43.278703717999974, -22.594974693999973, 0.0 ], [ -43.276903167999933, -22.591957268999977, 0.0 ], [ -43.273729304999961, -22.591001688999938, 0.0 ], [ -43.272207225999978, -22.589052377999963, 0.0 ], [ -43.271474783999963, -22.590061380999941, 0.0 ], [ -43.270135832999983, -22.589929763999976, 0.0 ], [ -43.272561988999939, -22.587652405999961, 0.0 ], [ -43.271055158999957, -22.585300576999941, 0.0 ], [ -43.267572314999938, -22.587530321999964, 0.0 ], [ -43.261300890999962, -22.585815625999942, 0.0 ], [ -43.260797338999964, -22.584205804999954, 0.0 ], [ -43.261991345999945, -22.582580728999972, 0.0 ], [ -43.26143822399996, -22.58099, 0.0 ], [ -43.262575001999949, -22.579578546999983, 0.0 ], [ -43.260762990999979, -22.574873113999956, 0.0 ], [ -43.25821472399997, -22.572691089999978, 0.0 ], [ -43.254777671999932, -22.573181303999945, 0.0 ], [ -43.251607625999952, -22.571125174999963, 0.0 ], [ -43.250142748999963, -22.567947512999979, 0.0 ], [ -43.241899123999985, -22.568855438999947, 0.0 ], [ -43.240216810999982, -22.567653797999981, 0.0 ], [ -43.239175389999957, -22.565290581999932, 0.0 ], [ -43.236177014999953, -22.564598240999942, 0.0 ], [ -43.236287627999957, -22.562536374999979, 0.0 ], [ -43.235509426999954, -22.561176429999932, 0.0 ], [ -43.231301763999966, -22.560087345999932, 0.0 ], [ -43.230126834999965, -22.556919229999949, 0.0 ], [ -43.230576966999934, -22.555585988999951, 0.0 ], [ -43.236409684999956, -22.55707367399998, 0.0 ], [ -43.229539312999975, -22.54399306199997, 0.0 ], [ -43.230595996999966, -22.543146178999962, 0.0 ], [ -43.232587279999962, -22.544321113999956, 0.0 ], [ -43.23379276999998, -22.543922478999946, 0.0 ], [ -43.232682624999939, -22.536920553999948, 0.0 ], [ -43.23356763299995, -22.532785411999953, 0.0 ], [ -43.236314238999967, -22.531379682999955, 0.0 ], [ -43.234517475999951, -22.525665225999944, 0.0 ], [ -43.235341466999955, -22.524505558999977, 0.0 ], [ -43.237351835999959, -22.523975302999929, 0.0 ], [ -43.237840104999975, -22.522594375999972, 0.0 ], [ -43.237374715999977, -22.521673131999933, 0.0 ], [ -43.23325099799996, -22.523118934999957, 0.0 ], [ -43.231519093999964, -22.522766058999935, 0.0 ], [ -43.227895086999979, -22.518430647999935, 0.0 ], [ -43.229798652999932, -22.517024919999983, 0.0 ], [ -43.230210622999948, -22.515706927999929, 0.0 ], [ -43.233464602999959, -22.517051615999947, 0.0 ], [ -43.23631037399997, -22.515949149999983, 0.0 ], [ -43.238271132999955, -22.50984750799995, 0.0 ], [ -43.250382889999969, -22.505536851999977, 0.0 ], [ -43.252015597999957, -22.503093510999975, 0.0 ], [ -43.254537124999956, -22.501586685999939, 0.0 ], [ -43.278135040999985, -22.500566192999941, 0.0 ], [ -43.278863636999972, -22.498452845999964, 0.0 ], [ -43.276136108999935, -22.495004334999976, 0.0 ], [ -43.278112146999945, -22.490808140999945, 0.0 ], [ -43.280313226999965, -22.489581717999954, 0.0 ], [ -43.283754086999977, -22.48585663199998, 0.0 ], [ -43.282815669999934, -22.482875432999947, 0.0 ], [ -43.28329632599997, -22.481958003999978, 0.0 ], [ -43.290593867999974, -22.476657428999943, 0.0 ], [ -43.293367183999976, -22.476398023999934, 0.0 ], [ -43.297391713999957, -22.474196914999936, 0.0 ], [ -43.303312181999956, -22.473844041999939, 0.0 ], [ -43.300432055999977, -22.470918168999958, 0.0 ], [ -43.298230937999961, -22.467048136999949, 0.0 ], [ -43.297464162999972, -22.463897179999947, 0.0 ], [ -43.290937165999935, -22.464234802999954, 0.0 ], [ -43.288476647999971, -22.460244607999982, 0.0 ], [ -43.289560036999944, -22.458615736999946, 0.0 ], [ -43.294458132999978, -22.456975399999976, 0.0 ], [ -43.298612362999961, -22.451089260999936, 0.0 ], [ -43.302308843999981, -22.453008064999949, 0.0 ], [ -43.305684905999954, -22.45694866499997, 0.0 ], [ -43.30831705099996, -22.455558186999951, 0.0 ], [ -43.314069669999981, -22.454882959999964, 0.0 ], [ -43.318803749999972, -22.457835509999938, 0.0 ], [ -43.321474062999982, -22.458581310999932, 0.0 ], [ -43.326303521999932, -22.45749413599998, 0.0 ], [ -43.330469190999963, -22.453959761999954, 0.0 ], [ -43.337175493999951, -22.453898719999927, 0.0 ], [ -43.345503021999946, -22.450326195999935, 0.0 ], [ -43.343141700999979, -22.449431661999938, 0.0 ], [ -43.339788562999956, -22.449960012999952, 0.0 ], [ -43.333177618999969, -22.44689871099996, 0.0 ], [ -43.332803786999932, -22.448331139999937, 0.0 ], [ -43.331213043999981, -22.446191117999945, 0.0 ], [ -43.326570519999962, -22.444897911999931, 0.0 ], [ -43.32578848299994, -22.445359501999974, 0.0 ], [ -43.325799933999974, -22.444131150999965, 0.0 ], [ -43.320360119999975, -22.442548071999965, 0.0 ], [ -43.31821623899998, -22.441207199999951, 0.0 ], [ -43.317747027999985, -22.439011830999959, 0.0 ], [ -43.315652716999978, -22.43748594799996, 0.0 ], [ -43.31657970699996, -22.434096566999983, 0.0 ], [ -43.315652703999945, -22.43321537099996, 0.0 ], [ -43.313089220999984, -22.434773696999969, 0.0 ], [ -43.31132299799998, -22.434695493999982, 0.0 ], [ -43.310720280999931, -22.432358981999982, 0.0 ], [ -43.31156331699998, -22.430968507999978, 0.0 ], [ -43.310411255999952, -22.429303389999973, 0.0 ], [ -43.308027028999959, -22.430453539999974, 0.0 ], [ -43.307386177999945, -22.429286238999964, 0.0 ], [ -43.304834142999937, -22.42887043099995, 0.0 ], [ -43.30323956899997, -22.430127400999936, 0.0 ], [ -43.300569251999946, -22.428170432999934, 0.0 ], [ -43.296128901999964, -22.428977276999944, 0.0 ], [ -43.290868390999947, -22.426871559999938, 0.0 ], [ -43.287961568999947, -22.427256857999964, 0.0 ], [ -43.286367011999971, -22.426472940999929, 0.0 ], [ -43.289163190999943, -22.425751945999934, 0.0 ], [ -43.294110909999972, -22.426053286999945, 0.0 ], [ -43.294896740999945, -22.425450575999946, 0.0 ], [ -43.298509303999936, -22.425877813999932, 0.0 ], [ -43.298665694999954, -22.425053798999954, 0.0 ], [ -43.299699497999939, -22.425534476999928, 0.0 ], [ -43.30325100899995, -22.424903143999927, 0.0 ], [ -43.303964359999952, -22.424138289999973, 0.0 ], [ -43.306375270999979, -22.423924659999955, 0.0 ], [ -43.307824855999968, -22.421248627999944, 0.0 ], [ -43.306947468999965, -22.42019576399997, 0.0 ], [ -43.304860798999982, -22.420129016999965, 0.0 ], [ -43.305925094999964, -22.417885958999932, 0.0 ], [ -43.305097298999954, -22.415822208999941, 0.0 ], [ -43.302255321999951, -22.416886514999931, 0.0 ], [ -43.297151208999935, -22.416226588999962, 0.0 ], [ -43.294957740999962, -22.417115406999983, 0.0 ], [ -43.294538126999953, -22.416041564999944, 0.0 ], [ -43.296189905999938, -22.413968262999958, 0.0 ], [ -43.298062928999968, -22.414344024999934, 0.0 ], [ -43.298902192999947, -22.412421390999953, 0.0 ], [ -43.296773539999947, -22.411526856999956, 0.0 ], [ -43.296784988999946, -22.409482173999947, 0.0 ], [ -43.294816573999981, -22.409041567999964, 0.0 ], [ -43.293881978999934, -22.407468, 0.0 ], [ -43.292913024999962, -22.408148918999927, 0.0 ], [ -43.288758765999944, -22.404376169999978, 0.0 ], [ -43.287114620999944, -22.405667482999945, 0.0 ], [ -43.287290110999948, -22.406586817999937, 0.0 ], [ -43.283299896999949, -22.407592009999973, 0.0 ], [ -43.282617075999951, -22.410031508999964, 0.0 ], [ -43.281289534999985, -22.410672403999968, 0.0 ], [ -43.279839957999968, -22.407902920999959, 0.0 ], [ -43.279084625999985, -22.408114635999937, 0.0 ], [ -43.278378916999941, -22.41051981399994, 0.0 ], [ -43.274148345999947, -22.410121193999942, 0.0 ], [ -43.273679160999961, -22.408955800999934, 0.0 ], [ -43.270093276999944, -22.407368875999964, 0.0 ], [ -43.272416477999968, -22.406035627999927, 0.0 ], [ -43.272015930999942, -22.404608928999949, 0.0 ], [ -43.276330394999945, -22.406018434999964, 0.0 ], [ -43.280728760999978, -22.403857394999932, 0.0 ], [ -43.281739667999943, -22.401650588999928, 0.0 ], [ -43.281007240999941, -22.400002631999939, 0.0 ], [ -43.282857375999981, -22.400031240999965, 0.0 ], [ -43.282731473999945, -22.397204545999955, 0.0 ], [ -43.284024670999941, -22.396392006999974, 0.0 ], [ -43.278161431999933, -22.396378657999946, 0.0 ], [ -43.275822992999963, -22.393735067999955, 0.0 ], [ -43.273797370999944, -22.393820894999976, 0.0 ], [ -43.273053491999974, -22.393040793999944, 0.0 ], [ -43.269700352999962, -22.393515731999969, 0.0 ], [ -43.269524860999979, -22.391572146999977, 0.0 ], [ -43.267533578999974, -22.389943260999928, 0.0 ], [ -43.273774467999942, -22.388226621999934, 0.0 ], [ -43.270306852999965, -22.383895026999937, 0.0 ], [ -43.273427307999953, -22.386244873999942, 0.0 ], [ -43.275407152999946, -22.385968311999932, 0.0 ], [ -43.275925979999954, -22.38808738299997, 0.0 ], [ -43.27735268999993, -22.389500737999981, 0.0 ], [ -43.279649165999956, -22.38947593499995, 0.0 ], [ -43.280557037999984, -22.385756584999967, 0.0 ], [ -43.282945058999985, -22.38420589499998, 0.0 ], [ -43.279836063999937, -22.383084376999932, 0.0 ], [ -43.276891081999963, -22.383721433999938, 0.0 ], [ -43.277383187999931, -22.380461763999961, 0.0 ], [ -43.275021875999983, -22.383082477999949, 0.0 ], [ -43.273434932999976, -22.382388201999959, 0.0 ], [ -43.275574983999945, -22.37985903699996, 0.0 ], [ -43.276116683999931, -22.377129594999928, 0.0 ], [ -43.273488334999968, -22.378930159999982, 0.0 ], [ -43.272095947999958, -22.378720358999942, 0.0 ], [ -43.271073598999976, -22.377459599999952, 0.0 ], [ -43.269620196999938, -22.380433168999957, 0.0 ], [ -43.265431650999972, -22.37993154399993, 0.0 ], [ -43.26509210599994, -22.378157692999935, 0.0 ], [ -43.263665398999933, -22.377614104999964, 0.0 ], [ -43.262295903999984, -22.378647903999934, 0.0 ], [ -43.26165502799995, -22.377467237999952, 0.0 ], [ -43.260266461999947, -22.378089042999932, 0.0 ], [ -43.259865924999986, -22.379529108999975, 0.0 ], [ -43.257847942999945, -22.380093684999963, 0.0 ], [ -43.255597231999957, -22.384585528999935, 0.0 ], [ -43.258656692999978, -22.390105403999939, 0.0 ], [ -43.258641446999945, -22.391390961999946, 0.0 ], [ -43.254532991999952, -22.397208414999966, 0.0 ], [ -43.253667049999933, -22.40054056699995, 0.0 ], [ -43.249898112999972, -22.406506798999942, 0.0 ], [ -43.248246341999959, -22.403630515999964, 0.0 ], [ -43.250607659999957, -22.403167010999937, 0.0 ], [ -43.251149341999962, -22.402098892999959, 0.0 ], [ -43.253014725999947, -22.393845744999965, 0.0 ], [ -43.251095914999951, -22.396683899999971, 0.0 ], [ -43.247532962999969, -22.39498446999994, 0.0 ], [ -43.244740569999976, -22.392457227999955, 0.0 ], [ -43.244000507999942, -22.391310904999955, 0.0 ], [ -43.245617945999982, -22.389981454999941, 0.0 ], [ -43.238965038999936, -22.384541706999983, 0.0 ], [ -43.238881098999968, -22.383437337999965, 0.0 ], [ -43.240063675999977, -22.382386378999968, 0.0 ], [ -43.237847336999948, -22.380532437999932, 0.0 ], [ -43.238320331999944, -22.379012277999948, 0.0 ], [ -43.234375886999942, -22.378029993999974, 0.0 ], [ -43.23424238399997, -22.378916920999927, 0.0 ], [ -43.237133963999952, -22.381581463999964, 0.0 ], [ -43.237477278999961, -22.382813631999966, 0.0 ], [ -43.230725224999958, -22.382956700999955, 0.0 ], [ -43.229882162999957, -22.383435451999958, 0.0 ], [ -43.230099613999982, -22.38632701399996, 0.0 ], [ -43.225567712999975, -22.386752361999982, 0.0 ], [ -43.223801480999953, -22.383689137999966, 0.0 ], [ -43.225754613999982, -22.380955896999978, 0.0 ], [ -43.22488104699994, -22.380028926999955, 0.0 ], [ -43.222676120999949, -22.380191052999976, 0.0 ], [ -43.221806384999979, -22.383778806999942, 0.0 ], [ -43.215744779999966, -22.386105767999936, 0.0 ], [ -43.214047218999951, -22.385861646999956, 0.0 ], [ -43.216233072999955, -22.392726198999981, 0.0 ], [ -43.211209071999974, -22.390092185999947, 0.0 ], [ -43.210316423999984, -22.385901727999965, 0.0 ], [ -43.207386688999975, -22.38523795499998, 0.0 ], [ -43.20534199399998, -22.383313441999974, 0.0 ], [ -43.204872776999935, -22.37942051899995, 0.0 ], [ -43.206181223999977, -22.378436335999936, 0.0 ], [ -43.210034091999944, -22.37808726399993, 0.0 ], [ -43.21154854699995, -22.376298156999951, 0.0 ], [ -43.21453166799995, -22.376204689999952, 0.0 ], [ -43.21663356199997, -22.375043109999979, 0.0 ], [ -43.217602513999964, -22.373488605999967, 0.0 ], [ -43.217205778999983, -22.369717755999943, 0.0 ], [ -43.216137633999949, -22.369218031999935, 0.0 ], [ -43.215145806999942, -22.367184807999934, 0.0 ], [ -43.213169775999972, -22.366137674999948, 0.0 ], [ -43.202278713999931, -22.362412626999969, 0.0 ], [ -43.198555523999971, -22.359500095999977, 0.0 ], [ -43.194782746999977, -22.358491129999948, 0.0 ], [ -43.19363448699994, -22.358771508999951, 0.0 ], [ -43.193340793999937, -22.35971755199995, 0.0 ], [ -43.194809472999964, -22.365138244999969, 0.0 ], [ -43.194035073999942, -22.366002285999969, 0.0 ], [ -43.19469885999996, -22.367137175999972, 0.0 ], [ -43.194374598999957, -22.368783228999973, 0.0 ], [ -43.195492320999961, -22.371548918999963, 0.0 ], [ -43.191731002999973, -22.372176409999952, 0.0 ], [ -43.193390420999947, -22.378516462999983, 0.0 ], [ -43.192059086999961, -22.379462531999934, 0.0 ], [ -43.189209482999956, -22.375542908999932, 0.0 ], [ -43.18626831499995, -22.375041279999948, 0.0 ], [ -43.188339692999932, -22.369040732999963, 0.0 ], [ -43.188065028999972, -22.36422274499995, 0.0 ], [ -43.184532583999953, -22.364056814999969, 0.0 ], [ -43.182182716999932, -22.362952452999934, 0.0 ], [ -43.184681352999974, -22.360171526999977, 0.0 ], [ -43.185455714999932, -22.354762259999973, 0.0 ], [ -43.187069356999984, -22.353144795999981, 0.0 ], [ -43.186268245999941, -22.351975609999954, 0.0 ], [ -43.184704214999954, -22.351681895999945, 0.0 ], [ -43.183437712999933, -22.348908569999935, 0.0 ], [ -43.182144517999973, -22.350524099999973, 0.0 ], [ -43.179756487999953, -22.348647272999983, 0.0 ], [ -43.178936327999963, -22.346362262999946, 0.0 ], [ -43.180084561999934, -22.345217844999979, 0.0 ], [ -43.179573369999957, -22.342728733999934, 0.0 ], [ -43.179001159999984, -22.342375878999974, 0.0 ], [ -43.177807127999984, -22.344010478999962, 0.0 ], [ -43.175449649999962, -22.343491688999961, 0.0 ], [ -43.170662169999957, -22.344353829999932, 0.0 ], [ -43.165821257999937, -22.338532580999981, 0.0 ], [ -43.170292105999977, -22.336444021999966, 0.0 ], [ -43.170532431999959, -22.335213783999961, 0.0 ], [ -43.165683919999935, -22.334118951999983, 0.0 ], [ -43.164364017999958, -22.335251937999942, 0.0 ], [ -43.159214134999957, -22.33630865899994, 0.0 ], [ -43.156673503999968, -22.333705092999935, 0.0 ], [ -43.154831006999984, -22.334014089999982, 0.0 ], [ -43.154094758999975, -22.331486842999936, 0.0 ], [ -43.152053834999947, -22.329575692999981, 0.0 ], [ -43.15221788499997, -22.328150878999963, 0.0 ], [ -43.153934509999942, -22.326960683999971, 0.0 ], [ -43.152198805999944, -22.32470047399994, 0.0 ], [ -43.148162814999978, -22.324858786999982, 0.0 ], [ -43.146755180999946, -22.326079503999949, 0.0 ] ] ] } },
{ "type": "Feature", "properties": { "id": "671", "Name": "APA Federal — Magé", "description": null, "timestamp": null, "begin": null, "end": null, "altitudeMode": null, "tessellate": -1, "extrude": 0, "visibility": -1, "drawOrder": null, "icon": null, "globalid": "{0A8812A2-D194-49C7-AC16-E135F4D0FA37}", "nome_uc": "APA Federal — Magé", "jurisdicao": "Federal", "tipo": "Uso Sustentável", "categoria": "APA", "area_ha": "13890.5382241", "mun_abrang": "Magé, Guapimirim, Itaboraí, São Gonçalo.", "bioma_ibge": "Mata Atlântica", "ato_criaca": "DEC  90.225 de 25/09/1984" }, "geometry": { "type": "Polygon", "coordinates": [ [ [ -42.985412581999981, -22.773213878999968, 0.0 ], [ -42.989939333999985, -22.773419191999949, 0.0 ], [ -42.990905633999944, -22.769302535999941, 0.0 ], [ -42.992159327999957, -22.76813569199993, 0.0 ], [ -42.990865047999932, -22.767235420999953, 0.0 ], [ -42.992273714999953, -22.764278670999943, 0.0 ], [ -42.994420873999957, -22.767723930999978, 0.0 ], [ -43.01571529499995, -22.777421348999951, 0.0 ], [ -43.018207740999969, -22.772628635999979, 0.0 ], [ -43.000148771999932, -22.757350724999981, 0.0 ], [ -43.005706791999955, -22.75040985399994, 0.0 ], [ -43.014454130999979, -22.751509681999948, 0.0 ], [ -43.016303256999947, -22.752881427999966, 0.0 ], [ -43.018573105999963, -22.752835403999939, 0.0 ], [ -43.021114835999981, -22.755415462999963, 0.0 ], [ -43.023620772999948, -22.756641153999965, 0.0 ], [ -43.029366937999953, -22.754436547999944, 0.0 ], [ -43.030955264999932, -22.754706551999959, 0.0 ], [ -43.032641788999968, -22.756380657999955, 0.0 ], [ -43.03443524599993, -22.756597074999945, 0.0 ], [ -43.038098655999931, -22.760299181999983, 0.0 ], [ -43.03704350199996, -22.762025538999978, 0.0 ], [ -43.038220491999937, -22.763311056999953, 0.0 ], [ -43.037990861999958, -22.765678306999973, 0.0 ], [ -43.03926122799993, -22.768289339999967, 0.0 ], [ -43.038202594999973, -22.771051799999952, 0.0 ], [ -43.038889727999958, -22.772006363999935, 0.0 ], [ -43.041104906999976, -22.772043130999975, 0.0 ], [ -43.041379311999947, -22.775200226999971, 0.0 ], [ -43.044124728999975, -22.782143442999939, 0.0 ], [ -43.050590668999973, -22.778973291999932, 0.0 ], [ -43.061038312999983, -22.763259396999956, 0.0 ], [ -43.063866231999953, -22.764905623999937, 0.0 ], [ -43.066396003999955, -22.769228915999975, 0.0 ], [ -43.109677126999941, -22.693677129999969, 0.0 ], [ -43.109768659999929, -22.688073309999936, 0.0 ], [ -43.111412795999968, -22.684220428999936, 0.0 ], [ -43.110634571999981, -22.683081742999946, 0.0 ], [ -43.111084724999955, -22.680987466999966, 0.0 ], [ -43.091820341999949, -22.683739822999939, 0.0 ], [ -43.090820272999963, -22.682961184999954, 0.0 ], [ -43.08848840099995, -22.683065881999937, 0.0 ], [ -43.087213008999981, -22.682152168999949, 0.0 ], [ -43.087037069999951, -22.680790961999946, 0.0 ], [ -43.084595602999968, -22.679391993999957, 0.0 ], [ -43.08467174599997, -22.678621047999968, 0.0 ], [ -43.086080385999935, -22.67828792399996, 0.0 ], [ -43.086660974999972, -22.676612782999939, 0.0 ], [ -43.08612274099994, -22.672835150999958, 0.0 ], [ -43.084742653999967, -22.671331331999966, 0.0 ], [ -43.086313764999943, -22.67119103899995, 0.0 ], [ -43.090277946999947, -22.674013079999952, 0.0 ], [ -43.090967322999973, -22.672882739999977, 0.0 ], [ -43.089916268999957, -22.670458164999957, 0.0 ], [ -43.091476600999954, -22.671181521999927, 0.0 ], [ -43.09368355099997, -22.670574758999976, 0.0 ], [ -43.091072091999933, -22.668879392999941, 0.0 ], [ -43.089783302999933, -22.669196954999961, 0.0 ], [ -43.089469213999962, -22.668054813999959, 0.0 ], [ -43.087651306999931, -22.66689363699993, 0.0 ], [ -43.063591107999969, -22.678706296999962, 0.0 ], [ -43.058508077999932, -22.669452644999978, 0.0 ], [ -43.056913838999947, -22.668720959999973, 0.0 ], [ -43.05036139799995, -22.661799702999929, 0.0 ], [ -43.051559278999946, -22.659755304999976, 0.0 ], [ -43.050654153999972, -22.659845821999966, 0.0 ], [ -43.048340243999974, -22.663173444999927, 0.0 ], [ -43.044851953999967, -22.665395861999968, 0.0 ], [ -43.047037365999984, -22.676837927999941, 0.0 ], [ -43.040813553999953, -22.678963945999953, 0.0 ], [ -43.035497895999981, -22.679333157999963, 0.0 ], [ -43.032140007999942, -22.674895885999945, 0.0 ], [ -43.015430348999985, -22.680962919999956, 0.0 ], [ -43.014677802999984, -22.679014093999967, 0.0 ], [ -43.010916692999956, -22.674702710999952, 0.0 ], [ -43.002089289999958, -22.673589338999932, 0.0 ], [ -43.001776064999945, -22.671220146999929, 0.0 ], [ -42.997539630999938, -22.665708392999932, 0.0 ], [ -42.997655211999984, -22.663959516999967, 0.0 ], [ -42.996320816999969, -22.66394480699995, 0.0 ], [ -42.983613890999948, -22.670010212999955, 0.0 ], [ -42.960790316999976, -22.685492632999967, 0.0 ], [ -42.958160440999961, -22.689186615999972, 0.0 ], [ -42.951744918999964, -22.723326908999979, 0.0 ], [ -42.957091792999961, -22.728185462999932, 0.0 ], [ -42.955942167999979, -22.729955466999968, 0.0 ], [ -42.957429308999963, -22.731120302999955, 0.0 ], [ -42.959545466999941, -22.736389057999929, 0.0 ], [ -42.966832374999967, -22.747304888999963, 0.0 ], [ -42.96918356599997, -22.75346507699993, 0.0 ], [ -42.974563524999951, -22.77973237599997, 0.0 ], [ -42.978299667999977, -22.772741153999959, 0.0 ], [ -42.982327966999947, -22.768905181999969, 0.0 ], [ -42.983085487999972, -22.768570206999982, 0.0 ], [ -42.985412581999981, -22.773213878999968, 0.0 ] ] ] } },
{ "type": "Feature", "properties": { "id": "687", "Name": "PARNA Federal — Quissamã", "description": null, "timestamp": null, "begin": null, "end": null, "altitudeMode": null, "tessellate": -1, "extrude": 0, "visibility": -1, "drawOrder": null, "icon": null, "globalid": "{F2CDD7CD-C077-41E0-A881-57F1DAADCEEB}", "nome_uc": "PARNA Federal — Quissamã", "jurisdicao": "Federal", "tipo": "Proteção Integral", "categoria": "PARNA", "area_ha": "14919.4649049", "mun_abrang": "Quissamã, Carapebus, Macaé.", "bioma_ibge": "Mata Atlântica", "ato_criaca": "DEC S/N, de 29/04/1998" }, "geometry": { "type": "Polygon", "coordinates": [ [ [ -41.552745748999939, -22.201799347999952, 0.0 ], [ -41.549954773999957, -22.201428912999972, 0.0 ], [ -41.548648249999985, -22.19982719799998, 0.0 ], [ -41.552477558999954, -22.18566793399998, 0.0 ], [ -41.547507552999946, -22.183218197999963, 0.0 ], [ -41.547277061999978, -22.178622984999947, 0.0 ], [ -41.54626538399998, -22.177609839999946, 0.0 ], [ -41.528804303999948, -22.169064147999961, 0.0 ], [ -41.527517472999932, -22.16895750499998, 0.0 ], [ -41.526527134999981, -22.171598896999967, 0.0 ], [ -41.520036285999936, -22.169119502999934, 0.0 ], [ -41.518660242999943, -22.189797046999956, 0.0 ], [ -41.52070673999998, -22.190397336999979, 0.0 ], [ -41.519592078999949, -22.193123014999969, 0.0 ], [ -41.476639958999954, -22.182429689999935, 0.0 ], [ -41.469558031999952, -22.184780252999929, 0.0 ], [ -41.442386820999957, -22.175899811999955, 0.0 ], [ -41.432412692999947, -22.176500498999928, 0.0 ], [ -41.420748730999946, -22.162779298999965, 0.0 ], [ -41.42381684999998, -22.14785425599996, 0.0 ], [ -41.410958602999983, -22.145142491999934, 0.0 ], [ -41.403368341999965, -22.139855758999943, 0.0 ], [ -41.396365836999962, -22.137121626999942, 0.0 ], [ -41.382034701999942, -22.136071833999949, 0.0 ], [ -41.370158054999933, -22.138735732999976, 0.0 ], [ -41.366930445999969, -22.138439982999955, 0.0 ], [ -41.358878318999984, -22.147669433999965, 0.0 ], [ -41.299759523999967, -22.148514020999983, 0.0 ], [ -41.297831358999929, -22.162651402999927, 0.0 ], [ -41.303027365999981, -22.164227481999944, 0.0 ], [ -41.356924675999949, -22.177203417999976, 0.0 ], [ -41.389610101999949, -22.186650035999946, 0.0 ], [ -41.422027717999981, -22.194693283999982, 0.0 ], [ -41.424232511999946, -22.189461784999935, 0.0 ], [ -41.419763424999985, -22.186124215999939, 0.0 ], [ -41.416674425999929, -22.185257762999981, 0.0 ], [ -41.416770921999955, -22.181265697999947, 0.0 ], [ -41.43279337499996, -22.185658746999934, 0.0 ], [ -41.433536561999972, -22.188843728999927, 0.0 ], [ -41.430961165999975, -22.188475922999942, 0.0 ], [ -41.42871194099996, -22.190132905999974, 0.0 ], [ -41.425061418999974, -22.195387565999965, 0.0 ], [ -41.469477447999964, -22.208144972999946, 0.0 ], [ -41.472123182999951, -22.204023026999948, 0.0 ], [ -41.471741497999972, -22.201521713999966, 0.0 ], [ -41.483135726999933, -22.201104477999934, 0.0 ], [ -41.485742167999945, -22.208169899999973, 0.0 ], [ -41.482036622999942, -22.210277444999974, 0.0 ], [ -41.481781748999936, -22.211628531999963, 0.0 ], [ -41.514829004999967, -22.223065947999942, 0.0 ], [ -41.546831281999971, -22.236851133999949, 0.0 ], [ -41.576933348999944, -22.248269615999959, 0.0 ], [ -41.580083491999972, -22.241827988999944, 0.0 ], [ -41.592865857999982, -22.24588870499997, 0.0 ], [ -41.591225249999979, -22.247852963999946, 0.0 ], [ -41.59190719299994, -22.249006702999964, 0.0 ], [ -41.591236858999935, -22.253239556999972, 0.0 ], [ -41.593289704999961, -22.254254601999946, 0.0 ], [ -41.593467127999929, -22.255056556999932, 0.0 ], [ -41.603851324999937, -22.259388722999972, 0.0 ], [ -41.604869477999955, -22.258788597999967, 0.0 ], [ -41.604717017999974, -22.255218097999943, 0.0 ], [ -41.602918584999941, -22.252721201999975, 0.0 ], [ -41.60444692599998, -22.251983521999932, 0.0 ], [ -41.610454879999963, -22.251724576999948, 0.0 ], [ -41.611189796999952, -22.254746021999949, 0.0 ], [ -41.614475572999936, -22.256209783999964, 0.0 ], [ -41.615218794999976, -22.259149818999958, 0.0 ], [ -41.613664516999961, -22.263791605999927, 0.0 ], [ -41.661154514999964, -22.284424265999974, 0.0 ], [ -41.681017864999944, -22.295052003999956, 0.0 ], [ -41.695305026999961, -22.304140982999968, 0.0 ], [ -41.707160223999949, -22.292027902999962, 0.0 ], [ -41.698850350999976, -22.286130427999979, 0.0 ], [ -41.697606607999944, -22.280780852999953, 0.0 ], [ -41.692898928999966, -22.277966198999934, 0.0 ], [ -41.693056694999939, -22.275353929999937, 0.0 ], [ -41.683727788999931, -22.268076363999967, 0.0 ], [ -41.677656493999962, -22.27368321199998, 0.0 ], [ -41.676543132999939, -22.270946819999949, 0.0 ], [ -41.67060126399997, -22.266617849999932, 0.0 ], [ -41.666115100999946, -22.271156017999942, 0.0 ], [ -41.658734042999981, -22.269901079999954, 0.0 ], [ -41.665733468999974, -22.260009758999956, 0.0 ], [ -41.662564603999954, -22.257064693999951, 0.0 ], [ -41.665845182999931, -22.252982842999927, 0.0 ], [ -41.66119876099998, -22.249320009999963, 0.0 ], [ -41.656320757999936, -22.242310048999968, 0.0 ], [ -41.648051681999959, -22.25244532399995, 0.0 ], [ -41.637155543999938, -22.246370426999931, 0.0 ], [ -41.630995127999938, -22.243872006999936, 0.0 ], [ -41.629620311999929, -22.242306903999975, 0.0 ], [ -41.617791064999949, -22.237007835999975, 0.0 ], [ -41.615335602999949, -22.235035244999949, 0.0 ], [ -41.612337611999976, -22.234297229999981, 0.0 ], [ -41.610545614999978, -22.224881874999937, 0.0 ], [ -41.60962247599997, -22.224290861999975, 0.0 ], [ -41.592180375999931, -22.217035500999941, 0.0 ], [ -41.59128285099996, -22.217006574999971, 0.0 ], [ -41.590902503999985, -22.219501913999977, 0.0 ], [ -41.585838881999962, -22.217785998999943, 0.0 ], [ -41.585559341999954, -22.214702964999958, 0.0 ], [ -41.580842293999979, -22.212281480999934, 0.0 ], [ -41.579737537999961, -22.206507937999959, 0.0 ], [ -41.556257911999978, -22.197446583999977, 0.0 ], [ -41.554925696999931, -22.197760757999959, 0.0 ], [ -41.553195897999956, -22.199766122999961, 0.0 ], [ -41.552745748999939, -22.201799347999952, 0.0 ] ] ] } },
{ "type": "Feature", "properties": { "id": "703", "Name": "PARNA Federal — Rio De Janeiro", "description": null, "timestamp": null, "begin": null, "end": null, "altitudeMode": null, "tessellate": -1, "extrude": 0, "visibility": -1, "drawOrder": null, "icon": null, "globalid": "{C17E3D5A-0306-423F-B7B4-3431DB1C6781}", "nome_uc": "PARNA Federal — Rio De Janeiro", "jurisdicao": "Federal", "tipo": "Proteção Integral", "categoria": "PARNA", "area_ha": "3958.51168424", "mun_abrang": "Rio De Janeiro.", "bioma_ibge": "Mata Atlântica", "ato_criaca": "DEC 50.923, de 06/07/1961 ;DEC 60.183, de 08/02/1967 ;DEC 70.186, de 23/02/1972 ;DEC S/N, de 03/06/2004" }, "geometry": { "type": "MultiPolygon", "coordinates": [ [ [ [ -43.21870503699995, -22.935295650999933, 0.0 ], [ -43.218290908999961, -22.939089389999936, 0.0 ], [ -43.216554821999978, -22.941045763999966, 0.0 ], [ -43.212635800999976, -22.939669039999956, 0.0 ], [ -43.209927420999975, -22.939659663999976, 0.0 ], [ -43.210579286999973, -22.941078166999944, 0.0 ], [ -43.210063588999958, -22.942050265999967, 0.0 ], [ -43.20766180499993, -22.942389692999939, 0.0 ], [ -43.208685526999943, -22.943518947999962, 0.0 ], [ -43.207852127999956, -22.94428417499995, 0.0 ], [ -43.208265967999978, -22.945586424999931, 0.0 ], [ -43.204500314999962, -22.944359063999968, 0.0 ], [ -43.205001282999945, -22.945792396999934, 0.0 ], [ -43.204477690999965, -22.946720884999934, 0.0 ], [ -43.20105132499998, -22.946771371999944, 0.0 ], [ -43.195538510999938, -22.942939208999974, 0.0 ], [ -43.194335489999958, -22.944071751999957, 0.0 ], [ -43.19435195799997, -22.94582532499993, 0.0 ], [ -43.202993813999967, -22.950783034999972, 0.0 ], [ -43.203146345999983, -22.95177801899996, 0.0 ], [ -43.205339539999954, -22.952915744999927, 0.0 ], [ -43.205018234999955, -22.953950893999945, 0.0 ], [ -43.206752491999964, -22.954941727999937, 0.0 ], [ -43.208264016999976, -22.954388980999965, 0.0 ], [ -43.209392651999963, -22.955053269999951, 0.0 ], [ -43.209545594999952, -22.960824121999963, 0.0 ], [ -43.213274783999964, -22.961245770999938, 0.0 ], [ -43.215214105999962, -22.957662460999927, 0.0 ], [ -43.21895621799996, -22.95794669199995, 0.0 ], [ -43.220073318999937, -22.955795439999974, 0.0 ], [ -43.219928978999974, -22.953695320999941, 0.0 ], [ -43.223826583999937, -22.956627500999957, 0.0 ], [ -43.225314298999933, -22.95912862299997, 0.0 ], [ -43.230887548999931, -22.960254163999934, 0.0 ], [ -43.233844952999959, -22.963093072999982, 0.0 ], [ -43.236562456999934, -22.962602815999958, 0.0 ], [ -43.237995141999932, -22.961082209999972, 0.0 ], [ -43.240282793999938, -22.961155103999943, 0.0 ], [ -43.239627545999952, -22.965212734999966, 0.0 ], [ -43.242749259999982, -22.968604643999981, 0.0 ], [ -43.241658464999944, -22.969379557999957, 0.0 ], [ -43.239034647999972, -22.968831547999969, 0.0 ], [ -43.238226160999943, -22.969291695999971, 0.0 ], [ -43.238587497999958, -22.970289426999955, 0.0 ], [ -43.242502283999954, -22.972592424999959, 0.0 ], [ -43.245134033999932, -22.971461832999978, 0.0 ], [ -43.25445680699994, -22.975159504999965, 0.0 ], [ -43.252879552999957, -22.975343072999976, 0.0 ], [ -43.254285377999963, -22.977234290999945, 0.0 ], [ -43.25279255199996, -22.978429373999973, 0.0 ], [ -43.24988351899998, -22.978986594999981, 0.0 ], [ -43.253168022999944, -22.979895653999961, 0.0 ], [ -43.253138829999955, -22.98137713999995, 0.0 ], [ -43.254466860999969, -22.98153511299995, 0.0 ], [ -43.252780414999961, -22.983847555999944, 0.0 ], [ -43.255104434999964, -22.983811322999941, 0.0 ], [ -43.255459966999979, -22.98277130799994, 0.0 ], [ -43.256897149999929, -22.98273374799993, 0.0 ], [ -43.258778953999979, -22.984075157999939, 0.0 ], [ -43.262289396999961, -22.984598738999978, 0.0 ], [ -43.262048188999984, -22.986496761999945, 0.0 ], [ -43.265947253999968, -22.98714423399997, 0.0 ], [ -43.268660636999982, -22.986574393999945, 0.0 ], [ -43.270717912999942, -22.983041887999946, 0.0 ], [ -43.273251594999977, -22.982167364999952, 0.0 ], [ -43.273157061999939, -22.981186676999982, 0.0 ], [ -43.272080724999967, -22.981629735999945, 0.0 ], [ -43.268530901999952, -22.978672198999959, 0.0 ], [ -43.269606794999959, -22.977453530999981, 0.0 ], [ -43.267544990999966, -22.977148573999955, 0.0 ], [ -43.267809886999942, -22.970374610999954, 0.0 ], [ -43.271175223999933, -22.969694151999931, 0.0 ], [ -43.272840144999975, -22.970645799999943, 0.0 ], [ -43.274302494999972, -22.969794959999945, 0.0 ], [ -43.267895925999937, -22.965231425999946, 0.0 ], [ -43.268719103999956, -22.964726667999969, 0.0 ], [ -43.266564049999943, -22.964373049999949, 0.0 ], [ -43.265506286999937, -22.963107587999957, 0.0 ], [ -43.270374774999937, -22.963861600999962, 0.0 ], [ -43.271918358999983, -22.963050642999974, 0.0 ], [ -43.271553246999986, -22.960594221999941, 0.0 ], [ -43.270051871999954, -22.960745356999951, 0.0 ], [ -43.266239716999962, -22.957796133999977, 0.0 ], [ -43.265221028999974, -22.958424362999949, 0.0 ], [ -43.26424366699996, -22.958000681999977, 0.0 ], [ -43.266014517999963, -22.956872723999936, 0.0 ], [ -43.268544060999943, -22.957527183999957, 0.0 ], [ -43.268713724999941, -22.957206550999956, 0.0 ], [ -43.266090861999942, -22.956155251999974, 0.0 ], [ -43.263964192999936, -22.956688837999934, 0.0 ], [ -43.259820829999967, -22.952867031999972, 0.0 ], [ -43.25559211999996, -22.951920768999969, 0.0 ], [ -43.253931575999957, -22.950551302999941, 0.0 ], [ -43.251937414999929, -22.951643823999973, 0.0 ], [ -43.24901007699998, -22.951342244999978, 0.0 ], [ -43.246643570999936, -22.952705434999928, 0.0 ], [ -43.243271474999972, -22.951842545999966, 0.0 ], [ -43.244813700999941, -22.948231506999946, 0.0 ], [ -43.243010828999957, -22.947500396999942, 0.0 ], [ -43.240033108999967, -22.947906904999968, 0.0 ], [ -43.23786905999998, -22.944918235999978, 0.0 ], [ -43.23819452999993, -22.942842655999982, 0.0 ], [ -43.23646496799995, -22.939153743999952, 0.0 ], [ -43.228797704999977, -22.934875688999966, 0.0 ], [ -43.225879058999965, -22.936682843999961, 0.0 ], [ -43.222483490999934, -22.934618007999973, 0.0 ], [ -43.221641706999947, -22.93480264599998, 0.0 ], [ -43.221212228999946, -22.936138052999979, 0.0 ], [ -43.220427232999953, -22.936072442999944, 0.0 ], [ -43.217583827999931, -22.934136710999951, 0.0 ], [ -43.21870503699995, -22.935295650999933, 0.0 ] ] ], [ [ [ -43.281325909999964, -22.98304027599994, 0.0 ], [ -43.279190021999966, -22.983876264999935, 0.0 ], [ -43.280012114999977, -22.98620551099998, 0.0 ], [ -43.279278576999957, -22.98669431999997, 0.0 ], [ -43.27649738599996, -22.985255845999973, 0.0 ], [ -43.275154237999971, -22.983363764999979, 0.0 ], [ -43.274203653999962, -22.983709406999935, 0.0 ], [ -43.277654971999937, -22.988899194999931, 0.0 ], [ -43.277609712999947, -22.989961722999965, 0.0 ], [ -43.282225552999932, -22.990861070999983, 0.0 ], [ -43.283560829999942, -22.99230997899997, 0.0 ], [ -43.281031384999949, -22.993154884999967, 0.0 ], [ -43.28041314799998, -22.994117413999959, 0.0 ], [ -43.280869921999965, -22.995021126999973, 0.0 ], [ -43.279472276999968, -22.996293811999976, 0.0 ], [ -43.280840413999954, -23.000162214999932, 0.0 ], [ -43.284565211999961, -23.003624670999955, 0.0 ], [ -43.287461655999948, -23.005157370999939, 0.0 ], [ -43.291706146999957, -23.004407174999983, 0.0 ], [ -43.289950789999978, -23.00170567899994, 0.0 ], [ -43.290556618999972, -23.001323438999975, 0.0 ], [ -43.289968145999978, -22.997634662999928, 0.0 ], [ -43.291974299999936, -22.996825752999939, 0.0 ], [ -43.290076408999937, -22.996180371999969, 0.0 ], [ -43.290281644999936, -22.994282627999951, 0.0 ], [ -43.287350132999961, -22.991553660999955, 0.0 ], [ -43.290656696999974, -22.988604302999931, 0.0 ], [ -43.289603347999957, -22.983732997999937, 0.0 ], [ -43.285477155999956, -22.983690399999944, 0.0 ], [ -43.28545693999996, -22.981649606999952, 0.0 ], [ -43.283245492999981, -22.981004901999938, 0.0 ], [ -43.281264508999982, -22.981896046999964, 0.0 ], [ -43.281325909999964, -22.98304027599994, 0.0 ] ] ], [ [ [ -43.303732028999946, -22.923086702999967, 0.0 ], [ -43.294430361999957, -22.922806700999956, 0.0 ], [ -43.293064313999935, -22.924453780999954, 0.0 ], [ -43.291724035999948, -22.924435879999976, 0.0 ], [ -43.29118419699995, -22.926469549999979, 0.0 ], [ -43.292505085999949, -22.928315180999959, 0.0 ], [ -43.289285905999975, -22.932072698999946, 0.0 ], [ -43.288489555999945, -22.934819440999945, 0.0 ], [ -43.286766154999953, -22.935724625999967, 0.0 ], [ -43.281118229999947, -22.932606929999963, 0.0 ], [ -43.278947377999941, -22.928523833999975, 0.0 ], [ -43.276227885999958, -22.926248818999966, 0.0 ], [ -43.274189435999972, -22.926700516999972, 0.0 ], [ -43.272902006999971, -22.925315032999947, 0.0 ], [ -43.270329158999971, -22.925294805999954, 0.0 ], [ -43.269235269999967, -22.926957530999971, 0.0 ], [ -43.269508455999983, -22.928092700999969, 0.0 ], [ -43.266834423999967, -22.92944853399996, 0.0 ], [ -43.267584572999965, -22.93259867699993, 0.0 ], [ -43.271266596999965, -22.934966286999952, 0.0 ], [ -43.270481379999978, -22.938368054999955, 0.0 ], [ -43.270885580999959, -22.939539593999939, 0.0 ], [ -43.269699687999946, -22.937801716999957, 0.0 ], [ -43.267092151999975, -22.939098247999937, 0.0 ], [ -43.269954534999954, -22.941485650999937, 0.0 ], [ -43.270225025999935, -22.944468365999967, 0.0 ], [ -43.271834881999951, -22.945560458999978, 0.0 ], [ -43.269255936999969, -22.946843135999927, 0.0 ], [ -43.268202888999951, -22.949128685999938, 0.0 ], [ -43.269603569999958, -22.951265798999941, 0.0 ], [ -43.269218445999968, -22.952747494999983, 0.0 ], [ -43.270415765999985, -22.952912731999959, 0.0 ], [ -43.273655455999972, -22.956086895999931, 0.0 ], [ -43.272603011999934, -22.958048203999965, 0.0 ], [ -43.274362368999959, -22.958993193999959, 0.0 ], [ -43.274247215999935, -22.960979621999968, 0.0 ], [ -43.276659129999985, -22.96114885999998, 0.0 ], [ -43.277995173999955, -22.962304353999968, 0.0 ], [ -43.279323503999933, -22.961149132999935, 0.0 ], [ -43.280085055999962, -22.962127303999978, 0.0 ], [ -43.282178171999931, -22.961205912999958, 0.0 ], [ -43.283346483999935, -22.962337099999957, 0.0 ], [ -43.283325439999942, -22.963674252999965, 0.0 ], [ -43.284889355999951, -22.964312463999931, 0.0 ], [ -43.287195935999932, -22.964153479999936, 0.0 ], [ -43.289255964999938, -22.962366886999973, 0.0 ], [ -43.292221715999972, -22.961887477999937, 0.0 ], [ -43.294148082999982, -22.962693886999944, 0.0 ], [ -43.297619802999975, -22.961982993999982, 0.0 ], [ -43.297248391999972, -22.963245664999931, 0.0 ], [ -43.299977636999984, -22.964486884999928, 0.0 ], [ -43.299155391999932, -22.965659288999973, 0.0 ], [ -43.300039392999963, -22.967298979999953, 0.0 ], [ -43.302509212999951, -22.967386960999931, 0.0 ], [ -43.304669069999932, -22.970070876999955, 0.0 ], [ -43.307027105999964, -22.970133199999964, 0.0 ], [ -43.305026209999937, -22.969329842999969, 0.0 ], [ -43.305530562999934, -22.966541493999955, 0.0 ], [ -43.303015306999953, -22.962939220999942, 0.0 ], [ -43.306716915999971, -22.959331108999947, 0.0 ], [ -43.304617802999985, -22.955890816999954, 0.0 ], [ -43.305828903999952, -22.955708061999928, 0.0 ], [ -43.305863336999948, -22.954345320999948, 0.0 ], [ -43.308923967999931, -22.954141562999951, 0.0 ], [ -43.306498351999949, -22.950374605999968, 0.0 ], [ -43.302520305999963, -22.94819270399995, 0.0 ], [ -43.306849331999956, -22.945443413999953, 0.0 ], [ -43.310248826999953, -22.944609983999953, 0.0 ], [ -43.308000843999935, -22.94281329599994, 0.0 ], [ -43.304053471999964, -22.943873482999948, 0.0 ], [ -43.302610526999956, -22.940350787999932, 0.0 ], [ -43.303192578999983, -22.938380726999981, 0.0 ], [ -43.305741534999981, -22.93736019499994, 0.0 ], [ -43.307877857999983, -22.933917864999955, 0.0 ], [ -43.308803263999948, -22.923262523999938, 0.0 ], [ -43.305964032999952, -22.923252053999931, 0.0 ], [ -43.304996470999981, -22.922361498999976, 0.0 ], [ -43.303732028999946, -22.923086702999967, 0.0 ] ] ], [ [ [ -43.33049983199993, -22.903098860999933, 0.0 ], [ -43.327190770999948, -22.903976248999982, 0.0 ], [ -43.323305436999931, -22.908747378999976, 0.0 ], [ -43.312070164999966, -22.916278680999937, 0.0 ], [ -43.308963705999929, -22.914517571999966, 0.0 ], [ -43.309002731999954, -22.915667294999935, 0.0 ], [ -43.306008091999956, -22.918245239999976, 0.0 ], [ -43.299864251999963, -22.921174884999971, 0.0 ], [ -43.292753821999952, -22.921256488999973, 0.0 ], [ -43.292666226999984, -22.92041119299995, 0.0 ], [ -43.290246112999966, -22.918774391999932, 0.0 ], [ -43.290554737999969, -22.920254759999978, 0.0 ], [ -43.287887124999941, -22.919746680999936, 0.0 ], [ -43.287597183999935, -22.921450101999937, 0.0 ], [ -43.290008520999947, -22.923175425999943, 0.0 ], [ -43.29235088799993, -22.923187642999949, 0.0 ], [ -43.292722070999957, -22.92378916399997, 0.0 ], [ -43.29442798599996, -22.922559968999963, 0.0 ], [ -43.303732772999979, -22.922901392999961, 0.0 ], [ -43.304827969999963, -22.922206898999946, 0.0 ], [ -43.306197446999931, -22.923109048999947, 0.0 ], [ -43.309868938999955, -22.922678858999973, 0.0 ], [ -43.311954077999985, -22.924823094999965, 0.0 ], [ -43.31294719899995, -22.923769713999945, 0.0 ], [ -43.315267797999979, -22.924534444999949, 0.0 ], [ -43.316548166999951, -22.923937273999968, 0.0 ], [ -43.316955978999943, -22.92577657399994, 0.0 ], [ -43.317895831999977, -22.926075434999973, 0.0 ], [ -43.320491003999962, -22.924380248999967, 0.0 ], [ -43.319633870999951, -22.92261769199996, 0.0 ], [ -43.320908764999956, -22.921180998999944, 0.0 ], [ -43.320616088999941, -22.919379324999966, 0.0 ], [ -43.322362525999949, -22.921240716999932, 0.0 ], [ -43.32458870399995, -22.919301966999967, 0.0 ], [ -43.33017257299997, -22.921168634999958, 0.0 ], [ -43.330733813999984, -22.920321473999934, 0.0 ], [ -43.331980891999933, -22.921287862999975, 0.0 ], [ -43.332731888999945, -22.919893896999952, 0.0 ], [ -43.335832692999929, -22.922307585999931, 0.0 ], [ -43.33647044199995, -22.921818475999942, 0.0 ], [ -43.336066123999956, -22.920428306999952, 0.0 ], [ -43.337689223999973, -22.920370954999953, 0.0 ], [ -43.338944148999985, -22.92139373699996, 0.0 ], [ -43.340637068999968, -22.919278339999948, 0.0 ], [ -43.342338938999944, -22.919947259999958, 0.0 ], [ -43.342325172999949, -22.918353152999941, 0.0 ], [ -43.33741681999993, -22.916158656999983, 0.0 ], [ -43.336081175999936, -22.916515358999959, 0.0 ], [ -43.336207345999981, -22.915663613999982, 0.0 ], [ -43.335458298999981, -22.915446731999964, 0.0 ], [ -43.335493334999967, -22.913801216999957, 0.0 ], [ -43.341266890999975, -22.91495099499997, 0.0 ], [ -43.337721631999955, -22.912118860999954, 0.0 ], [ -43.33929436699998, -22.911137400999962, 0.0 ], [ -43.339277808999952, -22.910039529999949, 0.0 ], [ -43.335004374999983, -22.909965407999948, 0.0 ], [ -43.332964768999943, -22.905015221999975, 0.0 ], [ -43.331691010999975, -22.905063212999949, 0.0 ], [ -43.33049983199993, -22.903098860999933, 0.0 ] ] ] ] } },
{ "type": "Feature", "properties": { "id": "739", "Name": "ESEC Federal — Angra Dos Reis", "description": null, "timestamp": null, "begin": null, "end": null, "altitudeMode": null, "tessellate": -1, "extrude": 0, "visibility": -1, "drawOrder": null, "icon": null, "globalid": "{99682A0F-FD59-445D-92E3-2F148EE03429}", "nome_uc": "ESEC Federal — Angra Dos Reis", "jurisdicao": "Federal", "tipo": "Proteção Integral", "categoria": "ESEC", "area_ha": "8660.3533314", "mun_abrang": "Angra Dos Reis, Paraty", "bioma_ibge": "Mata Atlântica", "ato_criaca": "DEC   98.864, de 23/01/1990." }, "geometry": { "type": "MultiPolygon", "coordinates": [ [ [ [ -44.471619143999931, -23.040459259999977, 0.0 ], [ -44.47207266199996, -23.04348346699993, 0.0 ], [ -44.473538513999983, -23.046142336999935, 0.0 ], [ -44.482346087999986, -23.054115946999957, 0.0 ], [ -44.485509245999936, -23.058707609999942, 0.0 ], [ -44.495862443999954, -23.06335460899993, 0.0 ], [ -44.502924676999953, -23.064233077999972, 0.0 ], [ -44.506280711999977, -23.063656050999953, 0.0 ], [ -44.509143785999981, -23.06213835899996, 0.0 ], [ -44.513146142999972, -23.056578345999981, 0.0 ], [ -44.513545986999929, -23.051696528999969, 0.0 ], [ -44.51039906799997, -23.043848116999982, 0.0 ], [ -44.517312835999974, -23.047346570999935, 0.0 ], [ -44.523600820999945, -23.047223100999929, 0.0 ], [ -44.526552127999935, -23.045828149999977, 0.0 ], [ -44.528842621999956, -23.043630691999965, 0.0 ], [ -44.530211182999949, -23.040852570999959, 0.0 ], [ -44.530544408999958, -23.037772366999945, 0.0 ], [ -44.529343422999943, -23.033317559999944, 0.0 ], [ -44.525871585999937, -23.029465046999974, 0.0 ], [ -44.521388894999973, -23.027223693999929, 0.0 ], [ -44.515980741999954, -23.026594462999981, 0.0 ], [ -44.510834466999938, -23.027830971999947, 0.0 ], [ -44.50700270599998, -23.031437370999981, 0.0 ], [ -44.505750264999961, -23.036094525999943, 0.0 ], [ -44.507178935999946, -23.040710717999957, 0.0 ], [ -44.496133961999931, -23.037285136999969, 0.0 ], [ -44.492369163999967, -23.034559384999966, 0.0 ], [ -44.492441337999935, -23.029307877999941, 0.0 ], [ -44.489148823999983, -23.024143297999956, 0.0 ], [ -44.485291974999939, -23.021633115999975, 0.0 ], [ -44.480216623999979, -23.020728619999943, 0.0 ], [ -44.47470076999997, -23.022512230999951, 0.0 ], [ -44.471211153999946, -23.02669336799994, 0.0 ], [ -44.470632140999953, -23.031746792999968, 0.0 ], [ -44.472880316999976, -23.036239097999953, 0.0 ], [ -44.471619143999931, -23.040459259999977, 0.0 ] ] ], [ [ [ -44.616767727999957, -23.189587857999982, 0.0 ], [ -44.61532766199997, -23.193393238999931, 0.0 ], [ -44.615811570999938, -23.197495857999968, 0.0 ], [ -44.618163143999936, -23.201097159999961, 0.0 ], [ -44.622002343999952, -23.203467227999965, 0.0 ], [ -44.624057684999968, -23.20378487499994, 0.0 ], [ -44.625057378999941, -23.202211401999932, 0.0 ], [ -44.627011151999966, -23.202550647999942, 0.0 ], [ -44.627720821999958, -23.200431912999932, 0.0 ], [ -44.626623122999945, -23.199080629999969, 0.0 ], [ -44.626509294999948, -23.19631153399996, 0.0 ], [ -44.62971022399995, -23.196746193999957, 0.0 ], [ -44.631691487999944, -23.195519987999944, 0.0 ], [ -44.635693156999935, -23.196423537999976, 0.0 ], [ -44.635855129999982, -23.194244904999948, 0.0 ], [ -44.634966888999941, -23.193106280999928, 0.0 ], [ -44.635573662999946, -23.192448042999956, 0.0 ], [ -44.634634971999958, -23.190220016999945, 0.0 ], [ -44.632515063999961, -23.187779829999954, 0.0 ], [ -44.629333026999973, -23.185896700999933, 0.0 ], [ -44.625741975999972, -23.185139041999946, 0.0 ], [ -44.62228455099995, -23.185566845999972, 0.0 ], [ -44.619231811999953, -23.187054117999935, 0.0 ], [ -44.616767727999957, -23.189587857999982, 0.0 ] ] ], [ [ [ -44.63461141199997, -23.185519423999949, 0.0 ], [ -44.638646225999935, -23.184760104999953, 0.0 ], [ -44.641996580999944, -23.182548009999948, 0.0 ], [ -44.643888720999939, -23.179714199999978, 0.0 ], [ -44.64509286599997, -23.175026120999974, 0.0 ], [ -44.644452652999973, -23.171322758999963, 0.0 ], [ -44.642180293999957, -23.167965653999943, 0.0 ], [ -44.63902806699997, -23.165808159999983, 0.0 ], [ -44.635295298999949, -23.164952339999957, 0.0 ], [ -44.63106543899994, -23.165562894999937, 0.0 ], [ -44.627785470999981, -23.16741955699996, 0.0 ], [ -44.625280739999937, -23.170706983999935, 0.0 ], [ -44.624398892999977, -23.174287707999952, 0.0 ], [ -44.625239749999935, -23.179188865999947, 0.0 ], [ -44.627106915999946, -23.182297634999941, 0.0 ], [ -44.630416948999937, -23.184645255999953, 0.0 ], [ -44.63461141199997, -23.185519423999949, 0.0 ] ] ], [ [ [ -44.669089136999958, -23.124594092999928, 0.0 ], [ -44.666254508999941, -23.127531740999927, 0.0 ], [ -44.665017081999963, -23.13144071399995, 0.0 ], [ -44.665680405999979, -23.135424344999933, 0.0 ], [ -44.668118064999931, -23.139016329999947, 0.0 ], [ -44.671799613999951, -23.141292900999929, 0.0 ], [ -44.675853471999972, -23.142110058999947, 0.0 ], [ -44.680304172999968, -23.141322189999983, 0.0 ], [ -44.683652765999966, -23.139109175999977, 0.0 ], [ -44.685610828999984, -23.136179366999954, 0.0 ], [ -44.686281903999941, -23.132592282999951, 0.0 ], [ -44.686056992999966, -23.130753342999981, 0.0 ], [ -44.684630321999975, -23.129495640999949, 0.0 ], [ -44.684593933999963, -23.128479800999969, 0.0 ], [ -44.685207659999946, -23.128439429999958, 0.0 ], [ -44.68348184599995, -23.126137784999969, 0.0 ], [ -44.680415959999948, -23.124108588999945, 0.0 ], [ -44.676244710999981, -23.122911572999953, 0.0 ], [ -44.67257339899993, -23.123090970999954, 0.0 ], [ -44.669089136999958, -23.124594092999928, 0.0 ] ] ], [ [ [ -44.320248195999966, -23.079513835999933, 0.0 ], [ -44.315600728999982, -23.07684691999998, 0.0 ], [ -44.311442969999973, -23.075886196999932, 0.0 ], [ -44.306966686999942, -23.07653853599993, 0.0 ], [ -44.303244615999972, -23.078796874999966, 0.0 ], [ -44.300895756999978, -23.082355749999977, 0.0 ], [ -44.299231409999948, -23.090456366999945, 0.0 ], [ -44.299754772999961, -23.09407214099997, 0.0 ], [ -44.301769165999985, -23.097235375999958, 0.0 ], [ -44.306250367999951, -23.09998004299996, 0.0 ], [ -44.311838790999957, -23.100354881999976, 0.0 ], [ -44.316991616999985, -23.097754301999942, 0.0 ], [ -44.321060154999941, -23.091612170999952, 0.0 ], [ -44.325463050999986, -23.095258458999979, 0.0 ], [ -44.331430068999964, -23.096226360999935, 0.0 ], [ -44.337015105999967, -23.094399859999953, 0.0 ], [ -44.341376169999933, -23.089838178999969, 0.0 ], [ -44.342261011999938, -23.08612119199995, 0.0 ], [ -44.341435993999937, -23.081598061999955, 0.0 ], [ -44.339663997999935, -23.078728612999953, 0.0 ], [ -44.336052281999969, -23.075743476999946, 0.0 ], [ -44.331186860999935, -23.074309097999958, 0.0 ], [ -44.326756461999935, -23.074527328999977, 0.0 ], [ -44.322999350999964, -23.07631095499994, 0.0 ], [ -44.320248195999966, -23.079513835999933, 0.0 ] ] ], [ [ [ -44.376289701999951, -23.06761492399994, 0.0 ], [ -44.380014120999931, -23.067035209999972, 0.0 ], [ -44.383294920999958, -23.065183692999938, 0.0 ], [ -44.386300468999934, -23.061603138999942, 0.0 ], [ -44.38740973299997, -23.057938056999944, 0.0 ], [ -44.386972140999944, -23.054395384999964, 0.0 ], [ -44.384606610999981, -23.050097085999937, 0.0 ], [ -44.381417598999974, -23.047693547999927, 0.0 ], [ -44.377609387999939, -23.046698154999945, 0.0 ], [ -44.373191820999978, -23.047323824999978, 0.0 ], [ -44.36935211499997, -23.049784690999957, 0.0 ], [ -44.367202290999955, -23.053187029999947, 0.0 ], [ -44.366563872999961, -23.057771275999983, 0.0 ], [ -44.367089733999933, -23.061354750999953, 0.0 ], [ -44.369112804999929, -23.064560214999972, 0.0 ], [ -44.372285293999937, -23.066744624999956, 0.0 ], [ -44.376289701999951, -23.06761492399994, 0.0 ] ] ], [ [ [ -44.596586638999952, -23.047638327999948, 0.0 ], [ -44.593055843999934, -23.050040974999945, 0.0 ], [ -44.591059644999973, -23.053461132999928, 0.0 ], [ -44.593296004999956, -23.054887127999962, 0.0 ], [ -44.593291480999937, -23.056392844999948, 0.0 ], [ -44.594759325999973, -23.057846415999961, 0.0 ], [ -44.598427740999966, -23.059318483999959, 0.0 ], [ -44.59985904499996, -23.062677736999944, 0.0 ], [ -44.59668421899994, -23.064030559999935, 0.0 ], [ -44.594889248999948, -23.063108192999948, 0.0 ], [ -44.595388725999953, -23.061919229999944, 0.0 ], [ -44.593272984999942, -23.059454444999972, 0.0 ], [ -44.589262691999977, -23.058311193999941, 0.0 ], [ -44.586268876999952, -23.061544085999969, 0.0 ], [ -44.58233483999993, -23.064121442999976, 0.0 ], [ -44.58029523099998, -23.067711326999927, 0.0 ], [ -44.580066571999964, -23.071332642999948, 0.0 ], [ -44.581301377999978, -23.074778013999946, 0.0 ], [ -44.583833995999953, -23.077625157999933, 0.0 ], [ -44.587210261999985, -23.079324114999963, 0.0 ], [ -44.592817559999958, -23.079410061999965, 0.0 ], [ -44.597690935999935, -23.076594907999947, 0.0 ], [ -44.602027778999968, -23.07774231999997, 0.0 ], [ -44.606762069999945, -23.076906945999951, 0.0 ], [ -44.615657187999943, -23.070655770999963, 0.0 ], [ -44.618563192999943, -23.06607628699993, 0.0 ], [ -44.618420175999972, -23.058409349999977, 0.0 ], [ -44.614072239999985, -23.052788335999935, 0.0 ], [ -44.604517179999959, -23.047703023999929, 0.0 ], [ -44.599106738999978, -23.046952268999974, 0.0 ], [ -44.596586638999952, -23.047638327999948, 0.0 ] ] ], [ [ [ -44.411125365999965, -23.048488062999979, 0.0 ], [ -44.404649143999961, -23.045601708999982, 0.0 ], [ -44.398256046999961, -23.046308975999978, 0.0 ], [ -44.393636932999982, -23.049995355999954, 0.0 ], [ -44.391586761999974, -23.05627061499996, 0.0 ], [ -44.392381518999969, -23.06064654599993, 0.0 ], [ -44.394965483999954, -23.06406620599995, 0.0 ], [ -44.399697796999931, -23.066541733999941, 0.0 ], [ -44.405409963999944, -23.07134396999993, 0.0 ], [ -44.410550198999942, -23.072694410999929, 0.0 ], [ -44.415145099999961, -23.072003648999953, 0.0 ], [ -44.425758816999974, -23.067154467999956, 0.0 ], [ -44.429060744999958, -23.062089448999927, 0.0 ], [ -44.431064352999954, -23.053947907999941, 0.0 ], [ -44.430666365999969, -23.051024845999962, 0.0 ], [ -44.429234439999959, -23.048274228999958, 0.0 ], [ -44.424146979999932, -23.044876357999954, 0.0 ], [ -44.417976272999965, -23.04484086399998, 0.0 ], [ -44.411125365999965, -23.048488062999979, 0.0 ] ] ], [ [ [ -44.535254387999942, -23.043701864999946, 0.0 ], [ -44.53461460099993, -23.047758207999948, 0.0 ], [ -44.536088382999935, -23.052452328999948, 0.0 ], [ -44.538736637999932, -23.055976567999949, 0.0 ], [ -44.542396012999973, -23.058113834999972, 0.0 ], [ -44.544060343999945, -23.06209010699996, 0.0 ], [ -44.547355986999946, -23.065014648999977, 0.0 ], [ -44.55073350899994, -23.06989181299997, 0.0 ], [ -44.554746873999932, -23.071860063999964, 0.0 ], [ -44.558133779999935, -23.075344338999969, 0.0 ], [ -44.562220615999934, -23.076810806999958, 0.0 ], [ -44.568102753999938, -23.076260672999979, 0.0 ], [ -44.572689705999949, -23.073049785999956, 0.0 ], [ -44.574548967999931, -23.06772931699993, 0.0 ], [ -44.574067818999936, -23.061927604999937, 0.0 ], [ -44.571325484999932, -23.057803254999953, 0.0 ], [ -44.572776648999934, -23.054558134999979, 0.0 ], [ -44.572817312999973, -23.051138941999966, 0.0 ], [ -44.571384021999961, -23.047721526999965, 0.0 ], [ -44.569113989999948, -23.046570994999968, 0.0 ], [ -44.567448809999973, -23.043956521999974, 0.0 ], [ -44.561553982999953, -23.042209032999949, 0.0 ], [ -44.557875331999981, -23.042516185999943, 0.0 ], [ -44.554506568999955, -23.043815181999946, 0.0 ], [ -44.549855562999937, -23.03941679899998, 0.0 ], [ -44.544586125999956, -23.037910003999968, 0.0 ], [ -44.539041275999978, -23.039385654999933, 0.0 ], [ -44.535254387999942, -23.043701864999946, 0.0 ] ] ], [ [ [ -44.430546205999974, -23.017761066999981, 0.0 ], [ -44.427606418999972, -23.020757663999973, 0.0 ], [ -44.426260526999954, -23.024398613999949, 0.0 ], [ -44.426600176999955, -23.02847703499998, 0.0 ], [ -44.428540562999956, -23.031832832999953, 0.0 ], [ -44.431802249999976, -23.034150933999967, 0.0 ], [ -44.436007299999972, -23.03507779399996, 0.0 ], [ -44.439787144999968, -23.034440741999958, 0.0 ], [ -44.443505187999961, -23.032260765999979, 0.0 ], [ -44.445112189999975, -23.030350103999979, 0.0 ], [ -44.444898502999933, -23.029089220999936, 0.0 ], [ -44.446145992999959, -23.028231836999964, 0.0 ], [ -44.446623973999976, -23.025594259999934, 0.0 ], [ -44.44479184599993, -23.026863978999927, 0.0 ], [ -44.44130787499995, -23.026379688999953, 0.0 ], [ -44.43894553399997, -23.023172890999945, 0.0 ], [ -44.435254131999955, -23.021063717999937, 0.0 ], [ -44.431762478999985, -23.020916782999961, 0.0 ], [ -44.430810935999943, -23.020005157999947, 0.0 ], [ -44.434091683999952, -23.019329791999951, 0.0 ], [ -44.434872561999953, -23.017826870999954, 0.0 ], [ -44.43730772999993, -23.020861307999951, 0.0 ], [ -44.440314885999953, -23.02047044699998, 0.0 ], [ -44.441077373999974, -23.019655753999928, 0.0 ], [ -44.440947119999976, -23.01699483799996, 0.0 ], [ -44.435813615999962, -23.016017673999954, 0.0 ], [ -44.430546205999974, -23.017761066999981, 0.0 ] ] ], [ [ [ -44.373658981999938, -23.003467462999936, 0.0 ], [ -44.36384290899997, -23.000666753999951, 0.0 ], [ -44.359650409999972, -23.001348136999979, 0.0 ], [ -44.356325135999953, -23.003360438999948, 0.0 ], [ -44.357908604999977, -23.005099963999953, 0.0 ], [ -44.357962664999945, -23.00585607499994, 0.0 ], [ -44.356205992999946, -23.007207888999972, 0.0 ], [ -44.357049312999948, -23.009038228999941, 0.0 ], [ -44.358990853999956, -23.009856906999971, 0.0 ], [ -44.360345824999968, -23.008634022999956, 0.0 ], [ -44.362863663999974, -23.010164212999939, 0.0 ], [ -44.362628606999976, -23.010736866999935, 0.0 ], [ -44.359890715999938, -23.010062009999956, 0.0 ], [ -44.359542240999986, -23.010565869999937, 0.0 ], [ -44.36085318399995, -23.014106416999937, 0.0 ], [ -44.362335604999942, -23.014654205999932, 0.0 ], [ -44.363180559999932, -23.016163305999953, 0.0 ], [ -44.36246592599997, -23.019305500999963, 0.0 ], [ -44.367734829999961, -23.021332318999953, 0.0 ], [ -44.372741988999962, -23.020948962999967, 0.0 ], [ -44.376482760999977, -23.018837318999942, 0.0 ], [ -44.378876546999948, -23.015346934999968, 0.0 ], [ -44.383971592999956, -23.016271888999938, 0.0 ], [ -44.388796112999955, -23.014945631999979, 0.0 ], [ -44.391556187999981, -23.012642335999942, 0.0 ], [ -44.393176687999983, -23.009697556999981, 0.0 ], [ -44.393545151999945, -23.006254953999928, 0.0 ], [ -44.39248774899994, -23.002836498999955, 0.0 ], [ -44.390116954999939, -22.999916258999974, 0.0 ], [ -44.386682663999977, -22.998077259999945, 0.0 ], [ -44.382544183999983, -22.997559208999974, 0.0 ], [ -44.378810033999969, -22.998391826999978, 0.0 ], [ -44.375712233999934, -23.000494084999957, 0.0 ], [ -44.373658981999938, -23.003467462999936, 0.0 ] ] ], [ [ [ -44.416667641999936, -22.987924248999946, 0.0 ], [ -44.41346976899996, -22.989592628999958, 0.0 ], [ -44.41389471399998, -22.992814751999958, 0.0 ], [ -44.412061170999948, -22.993496610999955, 0.0 ], [ -44.412667360999933, -22.997813313999927, 0.0 ], [ -44.415846866999971, -23.002154007999934, 0.0 ], [ -44.42110540799996, -23.004386977999957, 0.0 ], [ -44.42247823699995, -23.007715508999979, 0.0 ], [ -44.424540152999953, -23.010098520999975, 0.0 ], [ -44.428460798999936, -23.012274979999972, 0.0 ], [ -44.432806083999935, -23.012761386999955, 0.0 ], [ -44.436758650999934, -23.011712571999965, 0.0 ], [ -44.439976478999938, -23.009173535999935, 0.0 ], [ -44.442017359999966, -23.004560503999983, 0.0 ], [ -44.437042536999968, -23.000994236999929, 0.0 ], [ -44.434921661999965, -23.000685541999928, 0.0 ], [ -44.43310616399998, -23.001439080999944, 0.0 ], [ -44.431341550999946, -22.998176110999964, 0.0 ], [ -44.427937586999974, -22.999875706999944, 0.0 ], [ -44.425016293999931, -22.997771470999965, 0.0 ], [ -44.427577669999948, -22.99645428599996, 0.0 ], [ -44.42793222399996, -22.995021552999958, 0.0 ], [ -44.429507470999965, -22.994907732999934, 0.0 ], [ -44.429691777999949, -22.993283179999935, 0.0 ], [ -44.43951502799996, -22.996305769999935, 0.0 ], [ -44.438698125999963, -22.995155383999929, 0.0 ], [ -44.432537688999957, -22.992770921999977, 0.0 ], [ -44.430001509999954, -22.988472736999938, 0.0 ], [ -44.425083248999954, -22.985609274999945, 0.0 ], [ -44.418900632999964, -22.985722503999966, 0.0 ], [ -44.416796834999957, -22.98661980199995, 0.0 ], [ -44.416667641999936, -22.987924248999946, 0.0 ] ] ] ] } },
{ "type": "Feature", "properties": { "id": "823", "Name": "FLONA Federal — Seropédica", "description": null, "timestamp": null, "begin": null, "end": null, "altitudeMode": null, "tessellate": -1, "extrude": 0, "visibility": -1, "drawOrder": null, "icon": null, "globalid": "{EB862FCE-5DE7-49E2-BD62-D8BCDEB9CDCC}", "nome_uc": "FLONA Federal — Seropédica", "jurisdicao": "Federal", "tipo": "Uso Sustentável", "categoria": "FLONA", "area_ha": "495.99047362", "mun_abrang": "Seropédica.", "bioma_ibge": "Mata Atlântica", "ato_criaca": "DEC  93.369 de 08/10/1986" }, "geometry": { "type": "Polygon", "coordinates": [ [ [ -43.718543375999957, -22.727900720999969, 0.0 ], [ -43.717495056999951, -22.714560819999974, 0.0 ], [ -43.707714952999936, -22.715069175999929, 0.0 ], [ -43.706864257999939, -22.706910772999947, 0.0 ], [ -43.703475226999956, -22.707100109999942, 0.0 ], [ -43.70208884699997, -22.707974018999948, 0.0 ], [ -43.70068157399993, -22.709705797999959, 0.0 ], [ -43.701299551999966, -22.711083702999929, 0.0 ], [ -43.707463154999971, -22.718101944999944, 0.0 ], [ -43.694453884999973, -22.720042028999956, 0.0 ], [ -43.694476501999929, -22.731829122999955, 0.0 ], [ -43.696757444999946, -22.732272248999948, 0.0 ], [ -43.700676800999929, -22.731540946999928, 0.0 ], [ -43.703706505999946, -22.735318398999937, 0.0 ], [ -43.708640159999959, -22.738307336999981, 0.0 ], [ -43.718543375999957, -22.727900720999969, 0.0 ] ] ] } }
]
}
